期貨商代號,名稱,CPF,GBF,MTX,T5F,TE,TF,TX,GDF,XIF,GTF,TGF,STF,小計,CPF,GBF,MTX,T5F,TE,TF,TX,GDF,XIF,GTF,TGF,STF,小計,CPF,GBF,MTX,T5F,TE,TF,TX,GDF,XIF,GTF,TGF,STF,小計,CPF,GBF,MTX,T5F,TE,TF,TX,GDF,XIF,GTF,TGF,STF,小計,CPF,GBF,MTX,T5F,TE,TF,TX,GDF,XIF,GTF,TGF,STF,小計,CPF,GBF,MTX,T5F,TE,TF,TX,GDF,XIF,GTF,TGF,STF,小計,CPF,GBF,MTX,T5F,TE,TF,TX,GDF,XIF,GTF,TGF,STF,小計,CPF,GBF,MTX,T5F,TE,TF,TX,GDF,XIF,GTF,TGF,STF,小計,CPF,GBF,MTX,T5F,TE,TF,TX,GDF,XIF,GTF,TGF,STF,小計,CPF,GBF,MTX,T5F,TE,TF,TX,GDF,XIF,GTF,TGF,STF,小計
Date,,20121001,,,,,,,,,,,,,20121002,,,,,,,,,,,,,20121003,,,,,,,,,,,,,20121004,,,,,,,,,,,,,20121005,,,,,,,,,,,,,20121008,,,,,,,,,,,,,20121009,,,,,,,,,,,,,20121011,,,,,,,,,,,,,20121012,,,,,,,,,,,,,20121015,,,,,,,,,,,,
F021000,元大寶來期貨,0,0,12047,0,1666,1175,18019,0,57,0,127,1155,34246,0,0,14177,0,1738,1634,25440,0,67,3,36,1160,44255,0,0,12834,0,1353,1767,21836,0,295,6,59,1145,39295,0,0,22550,0,2729,2927,38409,0,224,7,135,1672,68653,0,0,20803,0,2696,3076,30217,0,134,1,58,1477,58462,0,0,20606,0,2682,2909,36721,0,135,14,278,1673,65018,0,0,21254,0,3602,3172,36934,0,105,10,77,1580,66734,0,0,25501,0,3295,3698,41654,0,127,27,46,1814,76162,0,0,25173,0,3534,2835,40733,0,132,34,122,2030,74593,0,0,19469,0,2394,2108,42230,0,113,6,89,1623,68032
F004000,凱基期貨,0,0,6253,0,335,272,9960,0,4,0,9,1155,17988,0,0,7189,0,455,385,13989,0,4,0,3,1182,23207,0,0,7200,0,400,309,11191,0,6,0,9,1336,20451,0,0,11296,0,476,915,22717,0,48,3,5,1444,36904,0,0,8910,0,475,722,16902,0,31,0,0,2064,29104,0,0,9218,0,296,530,18270,0,1,1,4,1721,30041,0,0,8513,0,608,597,21316,0,3,4,0,1326,32367,0,0,8904,0,468,449,21301,0,44,0,2,1941,33109,0,0,9817,0,391,447,23152,0,5,2,4,1609,35427,0,0,6879,0,303,242,17710,0,6,1,9,1358,26508
F020000,群益期貨,0,0,6693,0,148,138,8465,0,12,7,7,1333,16803,0,0,8623,0,175,237,11840,0,7,0,5,1094,21981,0,0,8061,0,138,260,10869,0,2,1,10,1399,20740,0,0,11395,0,279,495,16560,0,17,3,5,1500,30254,0,0,9539,0,181,421,14131,0,2,1,4,1343,25622,0,0,9873,0,237,277,15446,0,6,0,10,1257,27106,0,0,9479,0,240,359,16083,0,18,9,8,1326,27522,0,0,9728,0,189,340,15568,0,22,2,9,1391,27249,0,0,10420,0,256,326,14599,0,30,4,2,1460,27097,0,0,7762,0,116,164,11420,0,5,6,11,1417,20901
F002000,永豐期貨,0,0,6451,0,183,357,6723,0,26,3,20,525,14288,0,0,9400,0,219,590,8664,0,26,1,11,979,19890,0,0,7231,0,395,599,7287,0,58,1,10,564,16145,0,0,14398,0,543,940,13260,0,66,7,36,729,29979,0,0,10168,0,411,748,8498,0,29,3,4,797,20658,0,0,10702,0,221,940,9695,0,5,3,18,704,22288,0,0,10244,0,356,684,11512,0,12,1,8,996,23813,0,0,10726,0,344,744,16646,0,1,1,9,1046,29517,0,0,10264,0,379,587,13827,0,10,1,5,838,25911,0,0,8152,0,181,294,10012,0,4,0,25,739,19407
S980999,元大寶來證券自營,0,0,62,0,85,53,2733,0,28,6,51,16142,19160,0,0,99,0,65,102,3244,0,64,11,54,13466,17105,0,0,158,0,132,88,3889,0,148,10,35,14888,19348,0,0,350,0,183,186,6790,0,127,15,31,14726,22408,0,0,166,0,109,96,3080,0,97,6,34,15617,19205,0,0,177,0,97,95,4879,0,86,29,96,14940,20399,0,0,87,0,55,81,4260,0,128,14,21,12520,17166,0,0,184,0,167,126,7089,0,93,46,55,15558,23318,0,0,302,0,73,126,5091,0,110,30,52,13497,19281,0,0,211,0,34,45,4680,0,83,7,107,13648,18815
F008000,統一期貨,0,0,3288,0,225,148,4304,0,0,1,27,643,8636,0,0,4439,0,155,302,7146,0,1,0,6,755,12804,0,0,4367,0,191,295,5685,0,0,2,14,480,11034,0,0,6173,0,217,396,10365,0,0,0,5,763,17919,0,0,4819,0,270,482,6793,0,0,3,8,675,13050,0,0,4816,0,202,571,8254,0,0,2,6,542,14393,0,0,4404,0,444,524,7891,0,2,0,1,912,14178,0,0,5161,0,242,273,8229,0,2,3,7,795,14712,0,0,4720,0,223,398,8647,0,2,2,26,864,14882,0,0,3856,0,267,464,5532,0,2,1,12,561,10695
F029000,康和期貨,0,0,3357,0,69,82,4060,0,2,0,7,206,7783,0,0,4459,0,101,103,5514,0,2,3,4,383,10569,0,0,4269,0,103,103,5083,0,8,0,3,548,10117,0,0,5618,0,155,183,7652,0,9,0,2,326,13945,0,0,5075,0,112,197,6147,0,5,0,3,523,12062,0,0,5323,0,90,122,5168,0,1,0,6,469,11179,0,0,5439,0,118,188,5967,0,6,0,3,340,12061,0,0,5026,0,114,156,7014,0,8,0,14,279,12611,0,0,5184,0,116,146,6878,0,43,4,0,325,12696,0,0,4302,0,100,130,5747,0,3,0,5,418,10705
F026000,富邦期貨,0,0,3309,0,111,134,4327,0,0,0,16,455,8352,0,0,4098,0,109,134,5095,0,0,0,3,568,10007,0,0,3721,0,63,122,4813,0,0,0,3,705,9427,0,0,5951,0,172,216,7208,0,8,0,39,986,14580,0,0,4799,0,133,211,5926,0,0,0,15,783,11867,0,0,4572,0,206,202,4915,0,1,0,59,688,10643,0,0,4073,0,274,303,5247,0,5,0,21,966,10889,0,0,4597,0,184,429,5917,0,6,1,13,1085,12232,0,0,5016,0,302,437,6698,0,1,0,46,768,13268,0,0,3968,0,99,251,5415,0,2,0,29,993,10757
F007000,日盛期貨,0,0,2977,0,188,159,4394,0,2,0,14,204,7938,0,0,3650,0,140,186,5820,0,15,0,12,221,10044,0,0,3431,0,71,155,5019,0,16,2,6,220,8920,0,0,5503,0,256,235,7576,0,2,2,8,235,13817,0,0,4669,0,196,294,6505,0,44,8,9,277,12002,0,0,4778,0,169,192,6909,0,32,31,22,156,12289,0,0,4472,0,173,233,6546,0,8,0,11,205,11648,0,0,4819,0,198,240,6151,0,5,6,12,314,11745,0,0,5510,0,210,240,6454,0,5,1,22,320,12762,0,0,3171,0,145,101,5166,0,3,3,25,201,8815
S844000,摩根大通證券,0,0,1710,0,71,22,4055,0,0,0,0,0,5858,0,0,2616,0,24,74,5512,0,0,0,0,0,8226,0,0,2728,0,22,64,3890,0,0,0,0,0,6704,0,0,5129,0,41,143,9225,0,0,0,0,0,14538,0,0,2612,0,182,229,5816,0,0,0,0,0,8839,0,0,4452,0,27,112,6720,0,0,0,0,0,11311,0,0,3843,0,30,412,8130,0,0,0,0,0,12415,0,0,3787,0,58,152,9289,0,0,0,0,0,13286,0,0,4814,0,164,208,10301,0,0,0,0,0,15487,0,0,3035,0,92,186,7803,0,0,0,0,0,11116
F034000,澳帝華期貨,0,0,3260,0,79,70,976,0,8,0,0,0,4393,0,0,3868,0,100,102,1352,0,25,0,0,0,5447,0,0,3803,0,74,91,1299,0,24,0,0,0,5291,0,0,8076,0,152,155,2450,0,43,0,0,0,10876,0,0,5046,0,115,206,1211,0,20,0,0,0,6598,0,0,7082,0,64,65,1967,0,0,0,0,0,9178,0,0,5091,0,4,26,1888,0,0,0,0,0,7009,0,0,7869,0,195,164,2081,0,36,0,0,0,10345,0,0,7566,0,134,148,2357,0,22,0,0,0,10227,0,0,6143,0,123,141,1654,0,8,0,0,0,8069
F021999,元大寶來期貨自營,0,0,1171,0,178,98,3584,0,0,0,0,108,5139,0,0,1485,0,295,111,5519,0,0,4,0,20,7434,0,0,922,0,151,184,5515,0,0,8,0,24,6804,0,0,1980,0,332,205,11510,0,0,4,0,25,14056,0,0,1609,0,327,302,4808,0,0,1,0,17,7064,0,0,1516,0,240,147,8154,0,0,0,0,20,10077,0,0,898,0,269,326,5623,0,0,0,0,37,7153,0,0,1327,0,230,249,7590,0,0,0,0,21,9417,0,0,783,0,322,231,7259,0,0,0,0,13,8608,0,0,689,0,128,84,3581,0,0,0,0,21,4503
F018000,元富期貨,0,0,2080,0,110,128,2660,0,1,0,9,382,5370,0,0,2658,0,79,154,2908,0,0,0,5,240,6044,0,0,2396,0,119,264,2667,0,0,0,12,225,5683,0,0,3807,0,221,240,4314,0,12,0,9,191,8794,0,0,3001,0,134,323,3316,0,2,0,6,230,7012,0,0,3183,0,99,240,3878,0,2,0,11,324,7737,0,0,2786,0,221,245,4108,0,5,0,14,300,7679,0,0,3319,0,189,199,4167,0,2,0,5,597,8478,0,0,3434,0,284,217,4101,0,2,0,6,437,8481,0,0,2779,0,116,136,3026,0,0,0,11,606,6674
F013000,大華期貨,0,0,2033,0,153,109,2465,0,0,0,6,477,5243,0,0,2685,0,133,226,2637,0,0,0,12,480,6173,0,0,2272,0,81,163,2783,0,3,0,14,269,5585,0,0,3943,0,192,287,4463,0,3,0,12,556,9456,0,0,2849,0,261,420,2950,0,4,0,15,527,7026,0,0,2799,0,253,235,3488,0,2,0,29,488,7294,0,0,2910,0,234,283,3345,0,4,0,14,296,7086,0,0,2849,0,310,225,3848,0,1,0,19,421,7673,0,0,2611,0,316,237,3508,0,2,0,4,205,6883,0,0,2505,0,171,219,2879,0,1,0,18,342,6135
F039000,大昌期貨,0,0,2111,0,47,93,1894,0,5,0,2,211,4363,0,0,2489,0,67,83,1950,0,1,0,2,245,4837,0,0,2291,0,46,141,1966,0,0,0,4,181,4629,0,0,3675,0,87,128,3120,0,0,1,5,319,7335,0,0,3353,0,75,92,2554,0,1,1,1,204,6281,0,0,2978,0,44,99,2649,0,1,0,8,269,6048,0,0,3314,0,94,59,2542,0,6,0,6,267,6288,0,0,3518,0,63,84,2928,0,1,0,1,287,6882,0,0,3674,0,59,101,4091,0,5,0,1,343,8274,0,0,2652,0,36,70,1902,0,3,0,12,158,4833
B224999,中國信託商業銀行自營,0,0,44,0,71,46,288,0,28,5,69,7078,7629,0,0,61,0,29,17,335,0,60,8,50,6313,6873,0,0,106,0,32,4,223,0,86,12,39,8303,8805,0,0,147,0,65,82,314,0,50,3,59,5378,6098,0,0,60,0,35,16,382,0,32,10,79,4511,5125,0,0,0,0,86,15,335,0,16,34,17,1588,2091,0,0,52,0,6,45,364,0,40,11,2,1630,2150,0,0,183,0,22,53,486,0,34,31,26,6383,7218,0,0,395,0,60,93,618,0,65,32,77,4828,6168,0,0,200,0,6,0,501,0,74,1,130,4689,5601
F005000,國票期貨,0,0,1196,0,25,40,1544,0,2,0,1,160,2968,0,0,1592,0,35,54,1964,0,1,1,0,390,4037,0,0,1442,0,31,61,1848,0,1,0,0,414,3797,0,0,2126,0,67,106,2783,0,0,0,0,347,5429,0,0,1797,0,33,102,2463,0,0,0,0,252,4647,0,0,1988,0,37,60,2045,0,0,1,4,267,4402,0,0,1882,0,53,121,2044,0,1,0,0,309,4410,0,0,1668,0,47,116,2322,0,2,2,1,1178,5336,0,0,2153,0,56,86,3199,0,2,0,8,1106,6610,0,0,1774,0,25,57,2349,0,3,0,5,601,4814
F030000,兆豐期貨,0,0,1381,0,74,68,1482,0,33,0,0,203,3241,0,0,1642,0,53,69,2106,0,30,0,1,348,4249,0,0,1499,0,71,70,1402,0,38,1,1,323,3405,0,0,2569,0,77,116,2440,0,62,1,3,454,5722,0,0,2015,0,132,195,1803,0,53,0,3,141,4342,0,0,1967,0,68,150,1911,0,33,0,3,309,4441,0,0,1830,0,83,188,1942,0,0,1,3,172,4219,0,0,1794,0,86,159,2402,0,24,1,1,437,4904,0,0,2405,0,171,184,2535,0,62,1,0,396,5754,0,0,1558,0,53,150,1785,0,42,1,13,402,4004
F004999,凱基期貨自營,0,0,652,0,0,0,864,0,0,0,0,0,1516,0,0,1569,0,0,0,2150,0,0,0,0,0,3719,0,0,2046,0,0,0,1593,0,0,0,0,0,3639,0,0,3241,0,0,0,2849,0,0,0,0,0,6090,0,0,1859,0,0,0,1734,0,0,0,0,0,3593,0,0,3025,0,0,0,2199,0,0,0,0,0,5224,0,0,2299,0,0,0,2048,0,0,0,0,0,4347,0,0,3617,0,0,0,2787,0,0,0,0,0,6404,0,0,1478,0,0,0,2131,0,0,0,0,0,3609,0,0,1384,0,0,0,1306,0,0,0,0,0,2690
F034999,澳帝華期貨自營,0,0,1006,0,15,1,657,0,1,0,11,1022,2713,0,0,1007,0,17,11,943,0,0,0,18,1655,3651,0,0,928,0,3,3,1001,0,0,0,31,1503,3469,0,0,1854,0,31,24,1684,0,0,0,5,1259,4857,0,0,1244,0,9,16,1136,0,1,0,110,1115,3631,0,0,1861,0,13,10,1916,0,10,0,111,1874,5795,0,0,1928,0,59,43,2202,0,0,0,49,2074,6355,0,0,1856,0,12,30,3296,0,31,0,3,1699,6927,0,0,1947,0,5,9,2293,0,0,0,27,1515,5796,0,0,1244,0,2,4,2449,0,7,0,152,1543,5401
F014000,華南期貨,0,0,762,0,92,67,978,0,0,0,2,69,1970,0,0,986,0,84,92,1338,0,0,0,1,134,2635,0,0,789,0,77,93,1114,0,0,0,0,39,2112,0,0,1333,0,126,143,1662,0,0,0,3,80,3347,0,0,1188,0,88,206,1448,0,0,0,1,69,3000,0,0,1347,0,57,103,1450,0,0,0,1,53,3011,0,0,1157,0,122,128,1352,0,1,0,0,109,2869,0,0,1275,0,227,133,1306,0,7,0,2,107,3057,0,0,1254,0,90,107,1507,0,2,0,0,128,3088,0,0,1019,0,128,56,865,0,1,0,2,97,2168
S152000,瑞士信貸銀行台北證券,0,0,0,0,0,37,2631,0,0,0,0,0,2668,0,0,0,0,0,0,1433,0,0,0,0,0,1433,0,0,0,0,0,0,1037,0,0,0,0,0,1037,0,0,0,0,0,0,3180,0,0,0,0,0,3180,0,0,0,0,0,0,1696,0,0,0,0,0,1696,0,0,0,0,0,0,2489,0,0,0,0,0,2489,0,0,0,0,0,0,2040,0,0,0,0,0,2040,0,0,0,0,0,0,626,0,0,0,0,0,626,0,0,0,0,0,0,384,0,0,0,0,0,384,0,0,0,0,0,10,6936,0,0,0,0,0,6946
S538000,第一金證券,0,0,479,0,53,62,451,0,0,6,2,94,1147,0,0,679,0,40,33,733,0,0,3,0,73,1561,0,0,575,0,21,31,551,0,0,4,0,64,1246,0,0,1012,0,83,63,2594,0,0,5,0,96,3853,0,0,762,0,76,70,3142,0,0,0,0,124,4174,0,0,651,0,108,25,764,0,0,6,2,38,1594,0,0,707,0,137,51,2083,0,0,1,0,71,3050,0,0,692,0,65,70,1723,0,0,15,1,101,2667,0,0,962,0,103,164,822,0,0,1,0,95,2147,0,0,710,0,90,76,718,0,0,0,4,52,1650
S585999,統一證券自營,0,0,242,0,14,13,1968,0,0,0,0,71,2308,0,0,588,0,37,25,1812,0,7,0,0,124,2593,0,0,617,0,43,16,1798,0,14,0,0,0,2488,0,0,900,0,52,6,3197,0,0,0,0,0,4155,0,0,407,0,18,27,1901,0,0,0,0,0,2353,0,0,560,0,45,18,2705,0,0,0,0,0,3328,0,0,270,0,87,15,1795,0,0,0,0,0,2167,0,0,231,0,68,39,2985,0,0,0,0,0,3323,0,0,574,0,52,8,3220,0,0,0,0,2,3856,0,0,129,0,41,10,2550,0,0,0,0,11,2741
S518000,太平洋證券,0,0,1066,0,6,28,827,0,0,0,0,57,1984,0,0,1045,0,13,26,995,0,0,0,0,51,2130,0,0,932,0,24,16,837,0,0,1,2,54,1866,0,0,1516,0,38,51,1580,0,0,1,0,83,3269,0,0,1278,0,28,65,1185,0,0,0,0,47,2603,0,0,1365,0,12,31,1160,0,0,0,0,75,2643,0,0,1227,0,28,74,1237,0,0,0,0,131,2697,0,0,1246,0,25,54,1545,0,0,0,0,101,2971,0,0,1418,0,25,34,1226,0,0,0,0,111,2814,0,0,998,0,23,17,905,0,0,0,3,62,2008
F001000,國泰期貨,0,0,424,0,15,20,917,0,0,0,0,282,1658,0,0,458,0,20,15,1333,0,0,0,0,134,1960,0,0,458,0,10,13,906,0,0,0,0,168,1555,0,0,693,0,12,21,1369,0,0,0,0,70,2165,0,0,539,0,16,32,1180,0,0,0,0,36,1803,0,0,499,0,22,20,837,0,0,0,0,97,1475,0,0,558,0,12,12,1000,0,0,0,0,240,1822,0,0,649,0,20,16,1366,0,0,0,0,170,2221,0,0,822,0,14,24,1879,0,0,0,0,59,2798,0,0,425,0,8,8,1299,0,0,0,0,155,1895
S884000,玉山證券,0,0,438,0,15,22,798,0,0,0,0,59,1332,0,0,529,0,34,23,1183,0,0,0,0,88,1857,0,0,525,0,18,15,991,0,0,0,0,83,1632,0,0,1049,0,16,21,1154,0,0,0,0,145,2385,0,0,640,0,23,30,1130,0,0,0,0,84,1907,0,0,724,0,18,36,890,0,0,1,0,159,1828,0,0,996,0,13,14,1063,0,0,3,1,147,2237,0,0,714,0,19,24,1118,0,0,1,0,195,2071,0,0,824,0,22,29,1178,0,0,0,0,95,2148,0,0,613,0,12,12,762,0,0,0,1,137,1537
S592999,元富證券自營,0,0,0,0,63,17,793,0,0,0,0,679,1552,0,0,0,0,30,31,1369,0,0,0,0,578,2008,0,0,0,0,26,33,1068,0,0,0,0,585,1712,0,0,0,0,42,58,2345,0,0,0,0,29,2474,0,0,0,0,59,36,857,0,2,0,0,1635,2589,0,0,0,0,40,23,1700,0,0,0,0,61,1824,0,0,0,0,55,63,1218,0,0,0,0,616,1952,0,0,8,0,145,32,1502,0,0,0,0,20,1707,0,0,0,0,208,33,1625,0,0,0,0,16,1882,0,0,0,0,69,30,591,0,1,0,0,1000,1691
S147000,台灣摩根士丹利證券,0,0,0,0,0,0,736,0,0,0,0,0,736,0,0,0,0,16,16,809,0,0,0,0,0,841,0,0,0,0,0,0,1027,0,0,0,0,0,1027,0,0,0,0,45,10,1607,0,0,0,0,0,1662,0,0,0,0,8,3,848,0,0,0,0,0,859,0,0,0,0,0,0,671,0,0,0,0,0,671,0,0,0,0,76,85,1104,0,0,0,0,0,1265,0,0,0,0,0,0,2114,0,0,0,0,0,2114,0,0,0,0,0,0,2887,0,0,0,0,0,2887,0,0,0,0,0,23,2842,0,0,0,0,331,3196
F008999,統一期貨自營,0,0,398,0,13,25,355,0,1,0,0,5,797,0,0,594,0,27,20,503,0,31,0,0,0,1175,0,0,348,0,7,88,671,0,24,0,0,0,1138,0,0,830,0,86,20,1030,0,4,0,0,7,1977,0,0,582,0,42,68,564,0,12,0,0,59,1327,0,0,772,0,14,194,778,0,7,0,0,60,1825,0,0,1260,0,71,84,669,0,24,0,0,1,2109,0,0,1640,0,232,328,1171,0,22,0,0,0,3393,0,0,2090,0,170,144,1040,0,20,0,0,79,3543,0,0,637,0,252,164,1825,0,5,0,0,25,2908
S157999,港商法國興業證券自營,0,0,0,0,0,0,596,0,0,0,48,548,1192,0,0,0,0,0,0,653,0,6,0,46,376,1081,0,0,0,0,0,0,714,0,6,0,40,291,1051,0,0,0,0,0,11,932,0,20,0,62,413,1438,0,0,0,0,0,12,677,0,12,0,66,239,1006,0,0,0,0,0,0,1152,0,10,0,96,218,1476,0,0,0,0,1,1,1303,0,24,0,46,810,2185,0,0,0,0,1,4,2138,0,16,0,36,451,2646,0,0,0,0,0,2,1818,0,0,0,60,499,2379,0,0,0,0,0,3,1729,0,8,0,114,449,2303
S572999,大華證券自營,0,0,0,0,2,3,162,0,16,0,0,1164,1347,0,0,3,0,10,2,314,0,6,0,0,1219,1554,0,0,0,0,10,0,269,0,39,0,0,1061,1379,0,0,0,0,9,6,394,0,37,0,0,1638,2084,0,0,1,0,10,4,146,0,42,0,0,1229,1432,0,0,2,0,0,0,248,0,39,0,0,929,1218,0,0,0,0,2,13,388,0,55,0,0,1353,1811,0,0,0,0,0,6,413,0,22,0,0,1200,1641,0,0,0,0,0,1,591,0,42,0,0,1174,1808,0,0,0,0,0,0,495,0,25,0,0,1128,1648
S153000,港商德意志證券台北,0,0,51,0,1,2,152,0,0,0,0,0,206,0,0,60,0,11,14,308,0,0,0,0,0,393,0,0,296,0,0,11,565,0,0,0,0,57,929,0,0,912,0,0,28,695,0,0,0,0,196,1831,0,0,0,0,0,3,244,0,0,0,0,40,287,0,0,662,0,30,16,1120,0,0,0,0,62,1890,0,0,354,0,7,0,1460,0,0,0,0,223,2044,0,0,283,0,0,0,854,0,0,0,0,317,1454,0,0,354,0,0,222,456,0,0,0,0,0,1032,0,0,541,0,81,93,1073,0,0,0,0,484,2272
F013999,大華期貨自營,0,0,224,0,29,9,673,0,11,0,0,0,946,0,0,217,0,61,69,778,0,25,0,0,0,1150,0,0,261,0,92,112,492,0,51,0,0,0,1008,0,0,574,0,119,40,876,0,81,0,0,0,1690,0,0,200,0,116,116,540,0,60,0,0,0,1032,0,0,495,0,43,6,1118,0,19,0,0,0,1681,0,0,356,0,50,90,696,0,25,0,0,0,1217,0,0,356,0,116,27,623,0,29,0,0,0,1151,0,0,381,0,359,32,1065,0,70,0,0,0,1907,0,0,159,0,79,24,535,0,37,0,0,0,834
S888999,國泰證券自營,0,0,43,0,83,47,83,0,9,0,0,236,501,0,0,38,0,62,50,165,0,11,0,0,334,660,0,0,52,0,70,43,221,0,26,0,0,166,578,0,0,41,0,186,91,458,0,19,0,0,589,1384,0,0,26,0,52,53,120,0,12,0,0,230,493,0,0,33,0,89,45,144,0,10,0,0,294,615,0,0,42,0,174,63,277,0,16,0,0,401,973,0,0,72,0,208,48,308,0,12,0,0,772,1420,0,0,54,0,292,66,629,0,16,0,0,384,1441,0,0,21,0,189,114,190,0,10,0,0,1150,1674
F038999,大眾期貨自營,0,0,0,0,6,12,830,0,0,0,0,0,848,0,0,0,0,19,17,1223,0,0,0,0,0,1259,0,0,0,0,3,46,1031,0,0,0,0,0,1080,0,0,0,0,20,24,1426,0,0,0,0,0,1470,0,0,0,0,0,33,922,0,0,0,0,0,955,0,0,0,0,10,20,1327,0,0,0,0,0,1357,0,0,0,0,44,64,983,0,0,0,0,0,1091,0,0,0,0,0,30,837,0,0,0,0,0,867,0,0,0,0,6,60,840,0,0,0,0,0,906,0,0,0,0,0,9,1147,0,0,0,0,0,1156
S144000,美林證券,0,0,0,0,0,0,224,0,0,0,0,0,224,0,0,0,0,0,0,236,0,0,0,0,0,236,0,0,0,0,0,0,171,0,0,0,0,0,171,0,0,0,0,5,0,289,0,0,0,0,0,294,0,0,0,0,25,0,158,0,0,0,0,0,183,0,0,0,0,0,0,90,0,0,0,0,0,90,0,0,0,0,0,0,1459,0,0,0,0,0,1459,0,0,0,0,25,0,759,0,0,0,0,0,784,0,0,0,0,0,0,1213,0,0,0,0,0,1213,0,0,0,0,0,0,12031,0,0,0,0,0,12031
S920999,凱基證券自營,0,0,46,0,33,26,368,0,0,0,3,315,791,0,0,12,0,4,3,392,0,0,0,1,264,676,0,0,24,0,9,48,546,0,0,0,0,169,796,0,0,32,0,22,20,688,0,0,0,0,261,1023,0,0,23,0,18,24,291,0,0,0,0,190,546,0,0,23,0,19,20,502,0,0,0,0,279,843,0,0,54,0,5,8,441,0,0,0,0,317,825,0,0,27,0,3,6,405,0,0,0,0,237,678,0,0,1,0,5,4,737,0,0,0,0,246,993,0,0,32,0,12,17,75,0,0,0,5,269,410
S551999,永豐金證券自營,0,0,56,0,92,46,435,0,0,0,0,2,631,0,0,0,0,0,0,1032,0,0,0,0,5,1037,0,0,13,0,132,72,1067,0,0,0,0,0,1284,0,0,28,0,132,66,1169,0,0,0,0,0,1395,0,0,100,0,24,24,1275,0,0,0,0,2,1425,0,0,31,0,56,68,930,0,0,0,0,4,1089,0,0,13,0,24,28,915,0,5,0,0,2,987,0,0,25,0,70,51,798,0,5,0,0,15,964,0,0,9,0,86,27,1312,0,0,0,0,1,1435,0,0,146,0,14,7,356,0,0,0,0,7,530
S526000,大慶證券,0,0,255,0,21,13,146,0,0,0,0,1,436,0,0,270,0,19,16,398,0,0,0,0,3,706,0,0,250,0,9,16,324,0,0,0,0,8,607,0,0,410,0,10,19,508,0,0,0,0,12,959,0,0,278,0,26,49,397,0,0,0,0,25,775,0,0,288,0,12,23,455,0,0,0,0,10,788,0,0,231,0,25,25,424,0,0,0,0,11,716,0,0,333,0,12,37,417,0,0,0,0,6,805,0,0,369,0,19,10,538,0,0,0,0,17,953,0,0,324,0,6,18,366,0,0,0,0,9,723
S653000,大眾證券,0,0,327,0,11,16,219,0,0,0,0,26,599,0,0,421,0,4,7,283,0,0,0,0,18,733,0,0,304,0,1,10,296,0,0,0,0,13,624,0,0,568,0,32,21,451,0,0,0,0,15,1087,0,0,511,0,13,75,334,0,0,0,0,45,978,0,0,477,0,17,16,297,0,0,0,0,29,836,0,0,546,0,35,16,328,0,0,0,0,87,1012,0,0,393,0,22,23,272,0,0,0,0,38,748,0,0,325,0,34,49,396,0,0,0,0,35,839,0,0,349,0,11,2,228,0,0,0,0,21,611
F002999,永豐期貨自營,0,0,0,0,78,36,607,0,0,0,0,24,745,0,0,0,0,63,85,675,0,0,0,0,43,866,0,0,0,0,82,33,959,0,0,0,0,41,1115,0,0,0,0,57,169,1126,0,0,0,0,74,1426,0,0,0,0,62,84,1138,0,0,0,0,96,1380,0,0,0,0,72,60,722,0,0,0,0,104,958,0,0,0,0,70,79,213,0,0,0,0,63,425,0,0,1,0,118,262,1343,0,0,0,0,119,1843,0,0,0,0,100,240,663,0,0,0,0,84,1087,0,0,0,0,44,32,809,0,0,0,0,82,967
S856000,新光證券,0,0,233,0,4,24,311,0,2,0,0,58,632,0,0,193,0,13,23,319,0,1,0,0,32,581,0,0,239,0,28,12,265,0,0,0,0,23,567,0,0,456,0,39,26,501,0,2,0,0,27,1051,0,0,226,0,21,32,377,0,1,0,2,35,694,0,0,276,0,13,35,417,0,0,0,0,38,779,0,0,313,0,41,59,381,0,1,0,0,38,833,0,0,401,0,68,32,465,0,0,0,0,34,1000,0,0,339,0,25,68,403,0,1,0,0,30,866,0,0,177,0,15,24,370,0,2,0,0,15,603
S616999,中國信託證券自營,0,0,0,0,0,0,479,0,0,0,0,182,661,0,0,0,0,0,0,753,0,0,0,0,377,1130,0,0,0,0,0,0,670,0,0,0,0,345,1015,0,0,0,0,0,0,654,0,0,0,0,535,1189,0,0,0,0,0,0,750,0,0,0,0,375,1125,0,0,0,0,0,0,921,0,0,0,0,171,1092,0,0,0,0,0,0,791,0,0,0,0,230,1021,0,0,0,0,0,0,588,0,0,0,0,175,763,0,0,0,0,0,0,720,0,0,0,0,223,943,0,0,0,0,0,0,449,0,0,0,0,318,767
S109999,台灣工銀證券自營,0,0,8,0,0,6,348,0,0,0,0,2,364,0,0,5,0,0,1,289,0,0,0,0,0,295,0,0,4,0,0,2,306,0,0,0,0,0,312,0,0,10,0,0,0,858,0,0,0,0,0,868,0,0,5,0,0,16,360,0,0,0,0,5,386,0,0,15,0,0,92,680,0,0,0,0,0,787,0,0,9,0,0,12,562,0,0,4,0,0,587,0,0,18,0,0,69,650,0,0,2,0,2,741,0,0,33,0,0,69,557,0,0,0,0,0,659,0,0,21,0,0,6,379,0,0,0,0,0,406
S700999,兆豐證券自營,0,0,136,0,16,13,359,0,0,0,0,0,524,0,0,72,0,5,18,560,0,0,0,0,0,655,0,0,105,0,1,2,480,0,0,0,0,0,588,0,0,112,0,13,26,900,0,0,0,0,0,1051,0,0,90,0,15,35,553,0,0,0,0,0,693,0,0,112,0,10,14,583,0,0,0,0,0,719,0,0,99,0,14,9,372,0,0,0,0,0,494,0,0,112,0,6,16,636,0,0,0,0,0,770,0,0,74,0,8,16,539,0,0,0,0,0,637,0,0,31,0,6,7,283,0,0,0,0,0,327
S616000,中國信託證券,0,0,53,0,0,11,199,0,0,0,0,20,283,0,0,103,0,0,20,244,0,0,0,0,25,392,0,0,75,0,0,7,307,0,0,0,0,17,406,0,0,125,0,2,3,316,0,0,0,0,23,469,0,0,112,0,1,14,349,0,0,0,0,17,493,0,0,85,0,1,12,348,0,0,0,0,23,469,0,0,115,0,2,29,348,0,0,0,0,32,526,0,0,123,0,0,2,454,0,0,0,0,46,625,0,0,165,0,1,8,310,0,0,0,0,37,521,0,0,40,0,1,3,142,0,0,0,0,27,213
S116999,日盛證券自營,0,0,0,0,41,25,123,0,0,0,0,35,224,0,0,0,0,50,11,213,0,0,0,0,66,340,0,0,0,0,45,35,164,0,0,0,0,31,275,0,0,0,0,0,50,337,0,0,0,0,99,486,0,0,0,0,8,86,179,0,0,0,0,78,351,0,0,0,0,50,50,210,0,0,0,0,40,350,0,0,0,0,88,50,159,0,0,0,0,76,373,0,0,0,0,55,30,240,0,0,0,0,126,451,0,0,0,0,21,30,472,0,0,0,0,217,740,0,0,0,0,2,0,170,0,0,0,0,218,390
F020999,群益期貨自營,0,0,144,0,16,24,249,0,0,0,0,0,433,0,0,96,0,0,0,379,0,0,0,0,0,475,0,0,144,0,0,0,300,0,0,0,0,0,444,0,0,224,0,0,0,676,0,0,0,0,0,900,0,0,200,0,0,0,413,0,0,0,0,0,613,0,0,104,0,0,0,288,0,0,0,0,0,392,0,0,84,0,12,0,137,0,0,0,0,0,233,0,0,349,0,0,0,409,0,0,0,0,0,758,0,0,277,0,0,0,246,0,0,0,0,0,523,0,0,208,0,0,0,191,0,0,0,0,0,399
S653999,大眾證券自營,0,0,8,0,72,36,129,0,0,0,0,0,245,0,0,120,0,88,36,429,0,0,0,0,0,673,0,0,58,0,60,15,300,0,3,0,0,0,436,0,0,48,0,68,29,455,0,4,0,0,0,604,0,0,48,0,94,40,302,0,0,0,0,0,484,0,0,46,0,92,69,370,0,2,0,0,0,579,0,0,0,0,89,20,227,0,0,0,0,0,336,0,0,35,0,63,16,408,0,3,0,0,0,525,0,0,24,0,61,17,407,0,0,0,0,0,509,0,0,0,0,31,16,173,0,0,0,0,0,220
S845999,康和證券自營,0,0,0,0,0,0,157,0,0,0,0,0,157,0,0,0,0,0,0,127,0,0,0,0,0,127,0,0,0,0,10,0,421,0,0,0,0,0,431,0,0,0,0,5,4,403,0,0,0,0,0,412,0,0,0,0,20,26,445,0,0,0,0,0,491,0,0,0,0,5,12,735,0,0,0,0,0,752,0,0,0,0,15,15,188,0,0,0,0,0,218,0,0,0,0,0,9,106,0,0,0,0,0,115,0,0,0,0,20,10,409,0,0,0,0,0,439,0,0,0,0,0,4,174,0,0,0,0,0,178
S218000,亞東證券,0,0,92,0,7,2,82,0,0,0,0,11,194,0,0,89,0,10,0,85,0,0,0,0,0,184,0,0,81,0,5,0,60,0,0,0,0,13,159,0,0,176,0,12,0,183,0,0,0,0,31,402,0,0,76,0,11,7,69,0,0,0,0,32,195,0,0,102,0,18,7,115,0,0,0,0,3,245,0,0,87,0,9,2,92,0,0,0,0,17,207,0,0,114,0,19,1,128,0,0,0,0,33,295,0,0,115,0,21,7,156,0,0,0,0,13,312,0,0,75,0,2,1,104,0,0,0,0,43,225
S109000,台灣工銀證券,0,0,76,0,0,5,52,0,0,0,0,7,140,0,0,103,0,0,7,71,0,0,0,0,6,187,0,0,84,0,0,7,70,0,0,0,0,13,174,0,0,145,0,0,7,123,0,0,0,0,23,298,0,0,87,0,0,2,90,0,0,0,0,24,203,0,0,89,0,0,2,95,0,0,0,0,15,201,0,0,96,0,1,7,225,0,0,0,0,38,367,0,0,148,0,4,12,136,0,0,0,0,32,332,0,0,125,0,0,31,200,0,0,0,0,43,399,0,0,109,0,4,0,90,0,0,0,0,27,230
F018999,元富期貨自營,0,0,8,0,0,6,134,0,0,0,0,0,148,0,0,27,0,0,6,180,0,0,0,0,0,213,0,0,19,0,0,6,158,0,0,0,0,0,183,0,0,57,0,0,12,290,0,0,0,0,0,359,0,0,15,0,0,2,164,0,0,0,0,0,181,0,0,23,0,0,8,276,0,0,0,0,0,307,0,0,8,0,0,0,257,0,0,0,0,0,265,0,0,52,0,0,2,254,0,0,0,0,0,308,0,0,36,0,0,0,225,0,0,0,0,0,261,0,0,10,0,0,0,166,0,0,0,0,0,176
S126999,宏遠證券自營,0,0,0,0,0,0,99,0,0,0,0,0,99,0,0,0,0,0,0,283,0,0,0,0,0,283,0,0,0,0,0,0,122,0,0,0,0,0,122,0,0,0,0,0,0,311,0,0,0,0,0,311,0,0,0,0,0,0,280,0,0,0,0,0,280,0,0,0,0,0,0,408,0,0,0,0,0,408,0,0,0,0,0,0,216,0,0,0,0,0,216,0,0,0,0,0,0,483,0,0,0,0,0,483,0,0,0,0,0,0,272,0,0,0,0,0,272,0,0,0,0,0,0,129,0,0,0,0,0,129
S538999,第一金證券自營,0,0,61,0,0,7,96,0,0,0,0,0,164,0,0,222,0,0,12,75,0,0,0,0,0,309,0,0,136,0,0,23,56,0,0,0,0,0,215,0,0,244,0,0,14,118,0,0,0,0,0,376,0,0,150,0,0,9,65,0,0,0,0,0,224,0,0,198,0,0,35,86,0,0,0,0,0,319,0,0,40,0,0,30,51,0,0,0,0,0,121,0,0,164,0,0,24,56,0,0,0,0,0,244,0,0,82,0,0,0,89,0,0,0,0,0,171,0,0,16,0,0,22,30,0,0,0,0,0,68
F005999,國票期貨自營,0,0,0,0,15,0,11,0,0,0,0,0,26,0,0,0,0,54,0,43,0,0,0,0,0,97,0,0,0,0,52,0,48,0,0,0,0,0,100,0,0,0,0,34,34,45,0,0,0,0,0,113,0,0,0,0,127,60,133,0,0,0,0,0,320,0,0,6,0,79,71,100,0,0,0,0,0,256,0,0,8,0,156,39,142,0,0,0,0,0,345,0,0,0,0,114,34,111,0,0,0,0,0,259,0,0,0,0,240,0,229,0,0,0,0,0,469,0,0,0,0,92,0,69,0,0,0,0,0,161
S645000,永全證券,0,0,30,0,2,0,59,0,0,0,0,17,108,0,0,50,0,0,0,64,0,0,0,0,31,145,0,0,72,0,0,9,74,0,0,0,0,35,190,0,0,62,0,5,1,81,0,0,0,0,47,196,0,0,49,0,2,0,81,0,0,0,0,19,151,0,0,86,0,3,0,87,0,0,0,0,5,181,0,0,59,0,0,2,88,0,0,0,0,8,157,0,0,70,0,5,1,117,0,0,0,0,35,228,0,0,81,0,5,0,84,0,0,0,0,13,183,0,0,30,0,5,0,103,0,0,0,0,35,173
S165000,新加坡商瑞銀證券,0,0,0,0,0,0,50,0,0,0,0,0,50,0,0,0,0,0,0,337,0,0,0,0,0,337,0,0,0,0,0,0,40,0,0,0,0,0,40,0,0,0,0,0,0,100,0,0,0,0,0,100,0,0,0,0,0,0,30,0,0,0,0,0,30,0,0,0,0,0,0,60,0,0,0,0,0,60,0,0,0,0,0,0,40,0,0,0,0,0,40,0,0,0,0,52,0,90,0,0,0,0,0,142,0,0,0,0,0,0,156,0,0,0,0,0,156,0,0,0,0,0,0,550,0,0,0,0,0,550
S218999,亞東證券自營,0,0,0,0,0,0,5,0,0,0,0,0,5,0,0,0,0,0,0,140,0,0,0,0,0,140,0,0,0,0,0,0,165,0,0,0,0,0,165,0,0,0,0,0,0,310,0,0,0,0,0,310,0,0,0,0,0,0,160,0,0,0,0,0,160,0,0,0,0,0,0,225,0,0,0,0,0,225,0,0,0,0,0,0,65,0,0,0,0,0,65,0,0,0,0,0,0,65,0,0,0,0,0,65,0,0,0,0,0,0,140,0,0,0,0,0,140,0,0,0,0,0,0,310,0,0,0,0,0,310
S509999,華南永昌證券自營,0,0,0,0,0,0,57,0,0,0,0,0,57,0,0,0,0,0,0,42,0,0,0,0,0,42,0,0,0,0,0,0,32,0,0,0,0,0,32,0,0,0,0,0,0,86,0,0,0,0,0,86,0,0,0,0,0,0,48,0,0,0,0,0,48,0,0,0,0,0,0,58,0,0,0,0,0,58,0,0,0,0,0,0,86,0,0,0,0,0,86,0,0,2,0,0,0,329,0,0,0,0,0,331,0,0,2,0,0,0,226,0,0,0,0,0,228,0,0,0,0,0,0,25,0,0,0,0,0,25
F029999,康和期貨自營,0,0,0,0,0,32,12,0,0,0,0,0,44,0,0,74,0,0,32,46,0,0,0,0,0,152,0,0,50,0,0,36,58,0,0,0,0,0,144,0,0,50,0,0,60,64,0,0,0,0,0,174,0,0,20,0,0,24,40,0,0,0,0,0,84,0,0,20,0,0,24,30,0,0,0,0,0,74,0,0,32,0,0,24,34,0,0,0,0,0,90,0,0,32,0,0,20,74,0,0,0,0,0,126,0,0,20,0,0,58,56,0,0,0,0,0,134,0,0,20,0,0,0,51,0,0,0,0,0,71
S159000,花旗環球國際證券,0,0,0,0,0,0,63,0,0,0,0,0,63,0,0,0,0,0,0,44,0,0,0,0,0,44,0,0,0,0,0,0,57,0,0,0,0,0,57,0,0,0,0,0,0,90,0,0,0,0,0,90,0,0,0,0,0,0,46,0,0,0,0,0,46,0,0,0,0,0,0,67,0,0,0,0,0,67,0,0,0,0,0,0,137,0,0,0,0,0,137,0,0,0,0,0,0,95,0,0,0,0,0,95,0,0,0,0,0,0,100,0,0,0,0,0,100,0,0,0,0,0,0,86,0,0,0,0,0,86
S838000,安泰證券,0,0,31,0,1,6,31,0,0,0,0,0,69,0,0,48,0,5,7,58,0,0,0,0,0,118,0,0,26,0,5,9,28,0,0,0,0,0,68,0,0,57,0,2,1,67,0,0,0,0,0,127,0,0,38,0,2,7,48,0,0,0,0,0,95,0,0,38,0,4,22,52,0,0,0,0,0,116,0,0,35,0,7,3,21,0,0,0,0,0,66,0,0,52,0,0,3,19,0,0,0,0,0,74,0,0,29,0,3,1,33,0,0,0,0,0,66,0,0,36,0,0,2,31,0,0,0,0,0,69
S703000,致和證券,0,0,16,0,1,1,25,0,0,0,0,1,44,0,0,27,0,0,1,33,0,0,0,0,8,69,0,0,28,0,0,0,52,0,0,0,0,0,80,0,0,61,0,0,0,54,0,0,0,0,13,128,0,0,38,0,0,2,57,0,0,0,0,0,97,0,0,53,0,0,0,38,0,0,0,0,0,91,0,0,67,0,0,1,37,0,0,0,0,1,106,0,0,61,0,0,1,43,0,1,0,0,0,106,0,0,55,0,2,1,34,0,1,0,0,3,96,0,0,42,0,1,0,23,0,0,0,0,1,67
F007999,日盛期貨自營,0,0,0,0,0,0,20,0,0,0,0,0,20,0,0,0,0,0,0,27,0,0,0,0,0,27,0,0,0,0,0,0,38,0,0,0,0,0,38,0,0,0,0,0,0,58,0,0,0,0,0,58,0,0,0,0,0,0,7,0,0,0,0,0,7,0,0,0,0,0,0,28,0,0,0,0,0,28,0,0,0,0,0,0,32,0,0,0,0,0,32,0,0,0,0,0,0,49,0,0,0,0,0,49,0,0,0,0,0,0,64,0,0,0,0,0,64,0,0,0,0,0,0,25,0,0,0,0,0,25
S505000,大展證券,0,0,11,0,0,0,12,0,0,0,1,0,24,0,0,5,0,1,0,5,0,0,0,0,4,15,0,0,8,0,0,0,10,0,0,0,0,5,23,0,0,17,0,3,0,24,0,0,0,0,2,46,0,0,8,0,0,2,38,0,0,0,0,0,48,0,0,8,0,0,0,37,0,0,0,5,0,50,0,0,3,0,1,0,17,0,0,0,3,2,26,0,0,8,0,0,1,38,0,0,0,0,2,49,0,0,10,0,0,0,11,0,0,0,0,0,21,0,0,9,0,0,0,7,0,0,0,0,17,33
S960999,富邦證券自營,0,0,0,0,1,1,33,0,0,0,0,0,35,0,0,0,0,1,1,17,0,0,0,0,0,19,0,0,0,0,2,0,14,0,0,0,0,0,16,0,0,0,0,4,0,35,0,0,0,0,0,39,0,0,0,0,13,0,22,0,0,0,0,0,35,0,0,0,0,4,0,26,0,0,0,0,0,30,0,0,0,0,2,0,5,0,0,0,0,0,7,0,0,0,0,5,0,23,0,0,0,0,0,28,0,0,0,0,1,0,30,0,0,0,0,0,31,0,0,0,0,1,0,82,0,0,0,0,0,83
S779999,國票證券自營,0,0,0,0,0,0,0,0,0,0,0,0,0,0,0,0,0,0,0,0,0,0,0,0,0,0,0,0,0,0,0,0,0,0,0,0,0,0,0,0,0,0,0,0,0,0,0,0,0,0,0,0,0,0,0,0,0,0,0,0,0,0,0,0,0,0,0,0,0,0,0,0,0,0,0,0,0,0,0,0,0,0,0,0,180,0,0,0,0,0,180,0,0,0,0,0,0,40,0,0,0,0,0,40,0,0,0,0,0,0,0,0,0,0,0,0,0,0,0,0,0,0,0,40,0,0,0,0,0,40
S505999,大展證券自營,0,0,0,0,0,0,30,0,0,0,0,0,30,0,0,0,0,0,0,4,0,0,0,0,0,4,0,0,0,0,0,0,10,0,0,0,0,0,10,0,0,0,0,0,0,58,0,0,0,0,0,58,0,0,0,0,0,0,20,0,0,0,0,0,20,0,0,0,0,0,0,35,0,0,0,0,0,35,0,0,0,0,0,0,0,0,0,0,0,0,0,0,0,0,0,0,0,75,0,0,0,0,0,75,0,0,0,0,0,0,40,0,0,0,0,0,40,0,0,0,0,0,0,30,0,0,0,0,0,30
S601000,奔亞證券,0,0,1,0,0,1,0,0,0,0,0,0,2,0,0,6,0,0,1,2,0,0,0,0,0,9,0,0,4,0,0,0,1,0,0,0,0,0,5,0,0,5,0,0,0,4,0,0,0,0,0,9,0,0,4,0,0,0,1,0,0,0,0,0,5,0,0,6,0,0,0,1,0,0,0,0,0,7,0,0,4,0,0,0,0,0,0,0,0,0,4,0,0,17,0,0,3,1,0,0,0,0,0,21,0,0,28,0,0,2,0,0,0,0,0,0,30,0,0,10,0,0,0,0,0,0,0,0,0,10








期貨商代號,名稱,CPF,GBF,MTX,T5F,TE,TF,TX,GDF,XIF,GTF,TGF,STF,小計,CPF,GBF,MTX,T5F,TE,TF,TX,GDF,XIF,GTF,TGF,STF,小計,CPF,GBF,MTX,T5F,TE,TF,TX,GDF,XIF,GTF,TGF,STF,小計,CPF,GBF,MTX,T5F,TE,TF,TX,GDF,XIF,GTF,TGF,STF,小計,CPF,GBF,MTX,T5F,TE,TF,TX,GDF,XIF,GTF,TGF,STF,小計,CPF,GBF,MTX,T5F,TE,TF,TX,GDF,XIF,GTF,TGF,STF,小計,CPF,GBF,MTX,T5F,TE,TF,TX,GDF,XIF,GTF,TGF,STF,小計,CPF,GBF,MTX,T5F,TE,TF,TX,GDF,XIF,GTF,TGF,STF,小計,CPF,GBF,MTX,T5F,TE,TF,TX,GDF,XIF,GTF,TGF,STF,小計,CPF,GBF,MTX,T5F,TE,TF,TX,GDF,XIF,GTF,TGF,STF,小計,CPF,GBF,MTX,T5F,TE,TF,TX,GDF,XIF,GTF,TGF,STF,小計,CPF,GBF,MTX,T5F,TE,TF,TX,GDF,XIF,GTF,TGF,STF,小計,總計CPF,總計GBF,總計MTX,總計T5F,總計TE,總計TF,總計TX,總計GDF,總計XIF,總計GTF,總計TGF,總計STF,總計,市佔率
Date,,20121016,,,,,,,,,,,,,20121017,,,,,,,,,,,,,20121018,,,,,,,,,,,,,20121019,,,,,,,,,,,,,20121022,,,,,,,,,,,,,20121023,,,,,,,,,,,,,20121024,,,,,,,,,,,,,20121025,,,,,,,,,,,,,20121026,,,,,,,,,,,,,20121029,,,,,,,,,,,,,20121030,,,,,,,,,,,,,20121031,,,,,,,,,,,,,99999999,,,,,,,,,,,,
F021000,元大寶來期貨,0,0,12776,0,2351,3823,42294,0,144,88,96,1119,62691,0,0,19919,0,2728,3918,44463,0,248,96,104,2483,73959,0,0,14646,0,1801,1199,22778,0,133,1,142,1370,42070,0,0,18003,0,3255,2065,30523,0,147,4,71,1384,55452,0,0,18027,0,2364,1575,27925,0,97,3,119,1271,51381,0,0,15891,50,1778,1563,26373,0,138,17,32,1654,47496,0,0,26308,50,3379,1911,41050,0,84,0,157,1785,74724,0,0,19634,1,2757,1736,31698,0,212,2,57,1764,57861,0,0,37703,1,4437,3606,49838,0,431,35,194,2771,99016,0,0,26272,0,2378,2282,46585,1,178,3,144,2726,80569,0,0,28354,0,2915,3340,51821,0,132,4,57,1968,88591,0,0,26414,0,2756,2515,42431,0,217,3,36,2659,77031,0,0,458361,102,58588,54834,789972,1,3550,364,2236,38283,1406291,19.69
F004000,凱基期貨,0,0,6202,0,323,299,14537,0,2,0,9,1959,23331,0,0,10129,0,397,1039,17314,0,11,0,15,2594,31499,0,0,7347,0,295,301,12966,0,0,1,1,2072,22983,0,0,8376,0,440,274,16823,0,4,0,1,4417,30335,0,0,8804,0,306,194,18616,0,0,1,9,1463,29393,0,0,8405,0,289,216,14733,0,4,0,2,2555,26204,0,0,11290,5,492,354,24863,0,0,0,8,1731,38743,0,0,9134,1,276,179,18353,0,11,0,13,3472,31439,0,0,13618,1,746,790,26068,0,47,0,18,3763,45051,0,0,10160,0,482,435,17682,0,0,1,5,2939,31704,0,0,11750,0,428,524,23664,0,6,1,0,1868,38241,0,0,10713,0,421,537,19223,0,0,31,2,1667,32594,0,0,200107,7,9102,10010,401350,0,237,46,128,45636,666623,9.34
F020000,群益期貨,0,0,6698,0,199,185,10528,0,8,6,17,2416,20057,0,0,11430,0,315,439,15766,0,17,11,12,1859,29849,0,0,7635,0,118,135,10488,0,11,1,5,943,19336,0,0,9494,0,214,218,14565,0,9,0,6,761,25267,0,0,8941,0,228,160,11876,0,9,6,8,3011,24239,0,0,8907,0,121,198,10877,0,8,2,8,999,21120,0,0,11463,0,285,218,17034,0,5,2,13,2753,31773,0,0,9352,0,274,209,11122,0,2,0,3,4623,25585,0,0,14323,0,481,435,18629,0,26,15,7,2459,36375,0,0,9640,0,231,176,14589,0,2,5,26,1395,26064,0,0,11510,0,224,231,20321,0,3,7,5,884,33185,0,0,10530,0,188,204,16430,0,5,5,0,1750,29112,0,0,211496,0,4837,5825,307206,0,226,93,181,37373,567237,7.94
F002000,永豐期貨,0,0,8047,0,337,399,11111,0,25,0,19,596,20534,0,0,11730,0,426,1261,13982,0,3,5,16,1146,28569,0,0,7374,0,169,445,8168,0,9,0,13,630,16808,0,0,9661,0,335,530,10602,0,1,0,8,770,21907,0,0,9427,0,433,400,9367,0,8,1,10,608,20254,0,0,9542,0,248,439,9147,0,2,0,7,523,19908,0,0,16671,0,532,516,12624,0,4,1,17,685,31050,0,0,10394,0,254,424,10451,0,3,0,11,1065,22602,0,0,16784,0,554,972,19032,0,175,1,27,1147,38692,0,0,10890,0,273,430,12755,0,130,2,33,569,25082,0,0,13095,0,240,820,13257,0,61,12,12,715,28212,0,0,12032,0,560,410,12106,0,84,20,1,822,26035,0,0,233383,0,7593,13529,248726,0,742,63,320,17193,521549,7.3
S980999,元大寶來證券自營,0,0,431,0,200,108,5424,0,89,50,24,10271,16597,0,0,446,0,146,102,5569,0,1072,81,43,11674,19133,0,0,48,0,57,22,1935,0,83,3,108,13227,15483,0,0,135,0,95,91,3975,0,124,8,44,17113,21585,0,0,132,0,24,44,3290,0,42,12,195,8721,12460,0,0,65,50,61,86,2713,0,86,17,122,6191,9391,0,0,133,55,126,43,5211,0,99,3,150,9511,15331,0,0,120,0,34,28,2892,0,82,10,143,10859,14168,0,0,290,0,194,124,6847,0,269,59,208,16889,24880,0,0,125,0,91,71,4948,0,138,42,91,15857,21363,0,0,72,0,110,75,5969,0,131,21,78,10943,17399,0,0,85,0,76,84,4615,0,93,39,1,8716,13709,0,0,3878,105,2214,1876,99123,0,3272,519,1743,284974,397704,5.57
F008000,統一期貨,0,0,3229,0,332,317,6555,0,2,0,18,503,10956,0,0,5140,0,374,779,6287,0,0,0,14,1121,13715,0,0,3377,0,215,267,4207,0,4,0,3,536,8609,0,0,5242,0,305,359,8281,0,0,0,4,669,14860,0,0,4674,0,303,317,5984,0,3,0,12,548,11841,0,0,4582,0,202,260,5997,0,1,2,15,424,11483,0,0,5643,0,483,477,10174,0,0,0,13,678,17468,0,0,4511,0,274,323,6706,0,0,0,5,627,12446,0,0,7353,0,353,357,14340,0,1,0,5,1313,23722,0,0,4701,0,266,250,7260,0,0,2,1,731,13211,0,0,5983,0,199,386,11296,0,1,0,6,770,18641,0,0,5479,0,166,214,8057,0,0,0,0,1185,15101,0,0,105957,0,5908,8159,167990,0,21,18,208,16095,304356,4.26
F029000,康和期貨,0,0,3812,0,83,106,4136,0,12,0,6,535,8690,0,0,5185,0,86,212,7877,0,0,8,10,1153,14531,0,0,4348,0,62,71,4693,0,1,4,2,638,9819,0,0,5071,0,109,74,5530,0,1,2,3,388,11178,0,0,4468,0,90,82,5583,0,1,0,18,261,10503,0,0,4971,0,121,78,5804,0,1,0,3,134,11112,0,0,6435,0,131,90,6601,0,0,0,16,402,13675,0,0,5271,0,96,61,6142,0,0,0,3,203,11776,0,0,8109,0,191,220,7892,0,0,0,13,660,17085,0,0,5842,0,87,122,5869,0,0,0,42,1019,12981,0,0,6663,0,91,121,7018,0,0,0,1,365,14259,0,0,6806,0,57,107,7314,0,4,0,1,533,14822,0,0,115033,0,2282,2754,133689,0,107,21,165,10108,264159,3.7
F026000,富邦期貨,2,0,3143,0,344,220,5885,0,3,0,17,1035,10649,0,0,5285,0,234,594,7885,0,10,1,9,1429,15447,0,0,3710,0,112,187,4325,0,6,0,8,569,8917,0,0,4774,0,213,226,4832,0,2,0,25,569,10641,0,0,4406,0,325,118,5167,0,3,0,19,604,10642,0,0,4239,0,121,127,4525,0,5,0,3,629,9649,0,0,5540,0,249,149,7053,0,4,0,9,710,13714,0,0,4838,0,155,130,5445,0,2,0,16,815,11401,0,0,7138,0,218,356,8207,0,3,7,11,1116,17056,0,0,4918,0,150,120,6490,0,4,7,11,962,12662,0,0,5540,0,157,123,6438,0,3,0,4,659,12924,0,0,5691,0,151,197,6651,0,5,0,2,638,13335,2,0,103326,0,4082,4986,128464,0,73,16,378,17732,259059,3.63
F007000,日盛期貨,0,0,3072,0,405,304,5502,0,51,10,37,251,9632,0,0,4906,0,446,467,7707,0,69,60,53,555,14263,0,0,3372,0,159,201,5554,0,3,1,7,218,9515,0,0,4145,0,146,254,8051,0,11,1,8,222,12838,0,0,3678,0,294,176,5339,0,6,0,5,234,9732,0,0,3813,0,127,154,6151,0,1,0,4,163,10413,0,0,5118,0,310,220,8559,0,4,0,6,409,14626,0,0,4336,0,174,144,7062,0,1,0,4,349,12070,0,0,6656,0,221,292,9651,0,15,0,22,309,17166,0,0,4762,0,236,168,6247,0,12,0,2,244,11671,0,0,5560,0,315,196,7592,0,6,0,4,194,13867,0,0,5161,0,156,149,7142,0,10,4,5,236,12863,0,0,97559,0,4735,4760,145097,0,321,129,298,5737,258636,3.62
S844000,摩根大通證券,0,0,3200,0,496,346,6314,0,0,0,0,0,10356,0,0,2172,0,513,646,4819,0,0,0,0,0,8150,0,0,3575,0,70,104,8109,0,0,0,0,0,11858,0,0,3435,0,156,300,6472,0,0,0,0,0,10363,0,0,4213,0,217,149,9725,0,0,0,0,0,14304,0,0,3157,0,215,283,5589,0,0,0,0,0,9244,0,0,4734,0,89,44,9365,0,0,0,0,0,14232,0,0,3917,0,171,23,8019,0,0,0,0,0,12130,0,0,191,0,80,10,11595,0,0,0,0,0,11876,0,0,16,0,113,3,991,0,0,0,0,0,1123,0,0,56,0,12,11,828,0,0,0,0,0,907,0,0,188,0,79,0,1985,0,0,0,0,0,2252,0,0,63580,0,2922,3521,144552,0,0,0,0,0,214575,3
F034000,澳帝華期貨,0,0,4817,0,66,81,2014,0,3,0,0,0,6981,0,0,7512,0,174,298,3639,0,81,0,0,0,11704,0,0,3270,0,119,100,1316,0,28,0,0,0,4833,0,0,5489,0,248,198,1501,0,69,0,0,0,7505,0,0,4346,0,212,226,1721,0,41,0,0,0,6546,0,0,3990,0,201,321,1438,0,36,0,0,0,5986,0,0,6998,0,389,302,2153,0,31,0,0,0,9873,0,0,4882,0,361,317,2075,0,76,0,0,0,7711,0,0,12806,0,272,597,3393,0,167,0,0,0,17235,0,0,6962,0,240,244,2169,0,70,0,0,0,9685,0,0,9707,0,224,340,2671,0,30,0,0,0,12972,0,0,6569,0,207,226,1708,0,49,0,0,0,8759,0,0,135152,0,3753,4418,43033,0,867,0,0,0,187223,2.62
F021999,元大寶來期貨自營,0,0,506,0,176,125,3266,0,0,0,0,7,4080,0,0,2554,0,245,109,6638,0,0,0,0,22,9568,0,0,511,0,240,46,2213,0,0,0,0,17,3027,0,0,1509,0,366,129,7928,0,0,0,0,19,9951,0,0,1207,0,340,60,4534,0,0,0,0,30,6171,0,0,928,0,248,150,3799,0,0,0,0,7,5132,0,0,1480,0,276,115,7001,0,0,0,0,262,9134,0,0,839,0,234,126,3234,0,0,0,0,219,4652,0,0,2110,0,211,169,9696,0,0,0,0,21,12207,0,0,1147,0,168,104,4690,0,0,0,0,10,6119,0,0,2164,0,245,109,7924,0,0,0,0,12,10454,0,0,1358,0,239,165,6050,0,0,0,0,39,7851,0,0,28693,0,5460,3344,130116,0,0,17,0,971,168601,2.36
F018000,元富期貨,0,0,2202,0,109,164,2811,0,0,0,7,355,5648,0,0,3384,0,212,279,4998,0,0,0,13,712,9598,0,0,2317,0,91,130,2418,0,0,0,2,493,5451,0,0,2747,0,157,195,3373,0,0,0,7,385,6864,0,0,2762,0,141,143,2755,0,3,4,7,238,6053,0,0,2766,0,112,157,3360,0,1,0,6,249,6651,0,0,3723,0,194,130,5056,0,0,0,8,300,9411,0,0,2978,0,163,131,4118,0,1,4,1,433,7829,0,0,4893,0,293,246,5502,0,6,0,3,706,11649,0,0,3343,0,160,125,4077,0,4,0,2,844,8555,0,0,3968,0,186,188,5021,0,6,4,0,310,9683,0,0,3596,0,207,129,4378,0,2,0,0,621,8933,0,0,68122,0,3597,4163,83012,0,49,12,144,9178,168277,2.36
F013000,大華期貨,0,0,1709,0,136,141,2481,0,2,0,7,419,4895,0,0,2702,0,99,291,4360,0,3,0,24,383,7862,0,0,1703,0,122,105,2484,0,1,0,18,146,4579,0,0,2615,0,194,61,3143,0,0,0,17,276,6306,0,0,2216,0,181,73,2729,0,0,0,13,250,5462,0,0,2191,0,132,70,2423,0,0,0,23,152,4991,0,0,4065,0,238,120,4500,0,2,0,18,280,9223,0,0,3063,0,142,93,3009,0,4,0,9,152,6472,0,0,4975,0,172,92,5069,0,1,0,20,251,10580,0,0,2742,0,195,85,3201,0,0,0,12,351,6586,0,0,4027,0,142,126,4159,0,1,0,8,430,8893,0,0,3966,0,115,87,3565,0,1,0,4,330,8068,0,0,63430,0,3972,3748,73489,0,35,0,316,7481,152471,2.14
F039000,大昌期貨,0,0,2436,0,34,53,1961,0,6,1,9,175,4675,0,0,2971,0,40,80,2960,0,1,3,4,333,6392,0,0,2569,0,53,61,2336,0,3,1,2,169,5194,0,0,2684,0,42,37,2481,0,10,0,3,172,5429,0,0,3060,0,83,79,2360,0,7,1,2,123,5715,0,0,3158,0,67,70,2129,0,6,0,3,134,5567,0,0,3756,0,92,50,3465,0,2,0,4,199,7568,0,0,3651,0,74,35,2771,0,7,0,4,242,6784,0,0,5046,0,79,83,4482,0,4,0,9,320,10023,0,0,3749,0,56,99,3064,0,4,0,39,229,7240,0,0,4132,0,51,95,3403,0,1,0,26,238,7946,0,0,3812,0,31,24,3585,0,0,0,0,355,7807,0,0,71079,0,1320,1716,60593,0,74,8,147,5173,140110,1.96
B224999,中國信託商業銀行自營,0,0,106,0,68,2,357,0,76,30,24,4446,5109,0,0,562,0,133,0,1149,0,67,45,64,4423,6443,0,0,0,0,42,0,433,0,42,2,109,2606,3234,0,0,28,0,14,0,201,0,57,1,69,3565,3935,0,0,105,0,46,6,383,0,32,18,114,3934,4638,0,0,121,0,44,0,300,0,44,14,62,3569,4154,0,0,18,0,46,10,235,0,64,8,42,3873,4296,0,0,38,0,68,0,456,0,33,11,67,4525,5198,0,0,288,0,52,99,931,0,79,51,140,3610,5250,0,0,222,0,1,10,330,1,41,50,89,5831,6575,0,0,271,0,82,35,322,0,63,25,22,4233,5053,0,0,119,0,33,29,367,0,52,17,15,4247,4879,0,0,3126,0,1041,562,9310,1,1135,419,1365,99563,116522,1.63
F005000,國票期貨,0,0,1468,0,38,87,2066,0,3,0,4,1090,4756,0,0,1847,0,79,207,3464,0,2,0,5,1192,6796,0,0,1543,0,65,82,2047,0,0,0,0,390,4127,0,0,2064,0,69,88,2559,0,1,0,0,469,5250,0,0,1709,0,56,60,2137,0,1,0,6,309,4278,0,0,1596,0,52,54,1804,0,1,0,5,332,3844,0,0,2370,0,84,77,2568,0,2,0,5,389,5495,0,0,2233,0,42,58,2182,0,1,0,1,506,5023,0,0,3155,0,117,94,3478,0,2,0,5,769,7620,0,0,2252,0,69,63,2213,0,0,0,1,628,5226,0,0,2352,0,49,113,2893,0,7,0,0,304,5718,0,0,2474,0,56,66,3411,0,0,0,1,355,6363,0,0,42681,0,1185,1852,53383,0,32,4,52,11757,110946,1.55
F030000,兆豐期貨,0,0,1492,0,67,79,2178,0,17,0,3,470,4306,0,0,2366,0,117,237,2513,0,60,2,1,357,5653,0,0,1357,0,50,108,2065,0,15,0,1,150,3746,0,0,1836,0,90,91,2550,0,52,5,0,196,4820,0,0,2013,0,112,102,1614,0,15,0,5,111,3972,0,0,1594,0,110,116,1934,0,12,0,0,81,3847,0,0,2402,0,102,116,2500,0,7,5,12,214,5358,0,0,1988,0,91,119,3439,0,54,0,5,175,5871,0,0,2842,0,183,209,4992,0,59,1,3,374,8663,0,0,2266,0,94,120,2731,0,41,0,4,281,5537,0,0,2383,0,77,105,3333,0,17,1,2,177,6095,0,0,2353,0,65,147,3112,0,59,0,1,303,6040,0,0,43552,0,2026,2898,52769,0,785,20,65,6074,108189,1.52
F004999,凱基期貨自營,0,0,470,0,0,0,947,0,0,0,0,0,1417,0,0,1414,0,0,0,3017,0,0,0,0,0,4431,0,0,769,0,0,0,805,0,0,0,0,0,1574,0,0,3437,0,0,0,2329,0,0,0,0,0,5766,0,0,1525,0,0,0,1554,0,0,0,0,0,3079,0,0,1252,0,0,0,1609,0,0,0,0,0,2861,0,0,1809,0,0,0,2198,0,0,0,0,0,4007,0,0,967,0,0,0,925,0,0,0,0,0,1892,0,0,4463,0,0,0,2687,0,0,0,0,0,7150,0,0,1151,0,0,0,1509,0,0,0,0,0,2660,0,0,3696,0,0,0,2860,0,0,0,0,0,6556,0,0,1445,0,0,0,1559,0,0,0,0,0,3004,0,0,43568,0,0,0,41660,0,0,0,0,0,85228,1.19
F034999,澳帝華期貨自營,0,0,1549,0,4,8,2674,0,7,0,51,1001,5294,0,0,486,0,3,23,2758,0,1147,0,57,993,5467,0,0,0,0,4,7,516,0,7,0,143,1553,2230,0,0,0,0,3,5,732,0,5,0,67,1468,2280,0,0,0,0,7,9,1003,0,0,0,113,833,1965,0,0,0,0,7,5,495,0,0,0,86,488,1081,0,0,0,0,8,11,890,0,0,0,56,1032,1997,0,0,0,0,23,7,802,0,0,0,62,1119,2013,0,0,0,0,15,19,2640,0,0,0,53,320,3047,0,0,0,0,24,21,1344,0,0,0,43,196,1628,0,0,0,0,2,1,1295,0,12,0,45,43,1398,0,0,0,0,1,0,962,0,0,0,0,10,973,0,0,16910,0,267,267,33688,0,1228,0,1293,24315,77968,1.09
F014000,華南期貨,0,0,867,0,130,43,854,0,0,0,1,80,1975,0,0,1401,0,260,526,1555,0,0,0,8,107,3857,0,0,1073,0,103,79,933,0,0,0,1,88,2277,0,0,1245,0,158,55,1559,0,3,0,0,128,3148,0,0,1154,0,108,67,1543,0,0,0,1,163,3036,0,0,1036,0,83,34,1319,0,1,0,1,95,2569,0,0,1470,0,243,63,2623,0,0,0,1,128,4528,0,0,1135,0,180,77,1735,0,1,0,5,121,3254,0,0,1844,0,269,434,2547,0,6,0,2,186,5288,0,0,1630,0,152,49,1222,0,3,0,3,145,3204,0,0,1643,0,159,103,2057,0,0,0,3,143,4108,0,0,1524,0,97,111,2014,0,0,1,3,103,3853,0,0,27132,0,3033,2769,32981,0,25,1,41,2372,68354,0.96
S152000,瑞士信貸銀行台北證券,0,0,0,0,0,504,10005,0,0,0,0,0,10509,0,0,0,0,0,178,7265,0,0,0,0,0,7443,0,0,0,0,0,30,903,0,0,0,0,0,933,0,0,0,0,0,0,922,0,0,0,0,0,922,0,0,0,0,0,8,1451,0,0,0,0,0,1459,0,0,0,0,0,1,1204,0,0,0,0,0,1205,0,0,0,0,0,116,2324,0,0,0,0,0,2440,0,0,0,0,0,3,600,0,0,0,0,0,603,0,0,0,0,0,4,2276,0,0,0,0,0,2280,0,0,0,0,0,17,3975,0,0,0,0,0,3992,0,0,0,0,0,39,1715,0,0,0,0,0,1754,0,0,0,0,0,0,1098,0,0,0,0,0,1098,0,0,0,0,0,947,56190,0,0,0,0,0,57137,0.8
S538000,第一金證券,0,0,621,0,42,33,571,0,0,5,0,115,1387,0,0,1016,0,42,66,1097,0,2,16,2,149,2390,0,0,728,0,22,51,1803,0,0,0,2,65,2671,0,0,741,0,41,6,1788,0,0,9,3,62,2650,0,0,834,0,58,45,1792,0,0,2,2,78,2811,0,0,639,0,37,28,1567,0,0,0,1,42,2314,0,0,1209,0,82,44,946,0,0,6,7,48,2342,0,0,923,0,20,50,3006,0,0,7,1,94,4101,0,0,1416,0,83,83,1274,0,0,3,5,133,2997,0,0,733,0,21,23,1474,0,0,12,0,79,2342,0,0,957,0,22,37,3339,0,0,5,0,103,4463,0,0,820,0,25,55,1148,0,1,8,0,82,2139,0,0,17866,0,1271,1166,33386,0,3,114,32,1858,55696,0.78
S585999,統一證券自營,0,0,108,0,21,0,3614,0,0,0,0,0,3743,0,0,509,0,83,82,6839,0,7,0,0,0,7520,0,0,156,0,4,11,635,0,0,0,0,0,806,0,0,382,0,65,63,848,0,0,0,0,0,1358,0,0,222,0,25,5,521,0,0,0,0,0,773,0,0,227,0,6,0,813,0,0,0,0,0,1046,0,0,733,0,50,41,1008,0,0,0,0,0,1832,0,0,121,0,31,24,965,0,0,0,0,0,1141,0,0,474,0,22,13,1962,0,0,0,0,0,2471,0,0,113,0,74,44,1230,0,0,0,0,30,1491,0,0,169,0,60,19,1360,0,0,0,0,30,1638,0,0,254,0,35,16,1370,0,0,0,0,11,1686,0,0,7986,0,933,495,45096,0,28,0,0,279,54817,0.77
S518000,太平洋證券,0,0,913,0,20,15,648,0,0,0,4,61,1661,0,0,1313,0,30,45,1329,0,0,2,2,151,2872,0,0,1082,0,41,54,1025,0,0,0,3,105,2310,0,0,1533,0,51,44,762,0,0,0,1,93,2484,0,0,1136,0,31,32,982,0,0,0,0,53,2234,0,0,1314,0,70,48,829,0,0,0,0,72,2333,0,0,1578,0,88,41,1211,0,0,1,0,123,3042,0,0,1494,0,42,15,756,0,0,0,0,128,2435,0,0,1766,0,21,26,1443,0,0,0,0,95,3351,0,0,877,0,6,30,681,0,0,0,0,31,1625,0,0,1426,0,45,14,860,0,0,0,1,139,2485,0,0,1547,0,20,41,1076,0,0,0,0,89,2773,0,0,28070,0,687,801,23099,0,0,5,16,1912,54590,0.76
F001000,國泰期貨,0,0,390,0,26,19,1525,0,0,0,0,36,1996,0,0,661,0,59,99,1873,0,0,0,0,170,2862,0,0,417,0,41,24,616,0,0,0,0,148,1246,0,0,445,0,28,31,1136,0,0,0,2,110,1752,0,0,468,0,59,23,1226,0,0,0,0,29,1805,0,0,548,0,22,29,953,0,4,0,0,76,1632,0,0,753,0,71,70,1320,0,1,0,1,131,2347,0,0,611,0,38,11,1077,0,0,0,0,167,1904,0,0,894,0,94,21,1843,0,1,0,0,90,2943,0,0,621,0,12,18,2238,0,0,0,1,59,2949,0,0,786,0,44,28,1328,0,0,0,0,54,2240,0,0,706,0,43,21,1366,0,0,0,0,113,2249,0,0,12825,0,686,575,28587,0,6,0,4,2594,45277,0.63
S884000,玉山證券,0,0,650,0,16,15,902,0,0,2,1,152,1738,0,0,987,0,11,39,1171,0,0,0,0,169,2377,0,0,515,0,7,13,758,0,0,0,0,80,1373,0,0,711,0,17,14,947,0,0,0,0,154,1843,0,0,555,0,16,14,1144,0,0,0,1,130,1860,0,0,671,0,6,6,1067,0,0,0,0,74,1824,0,0,1020,0,23,17,1576,0,0,0,0,94,2730,0,0,705,0,25,13,1062,0,0,0,0,122,1927,0,0,1045,0,19,34,1892,0,0,0,0,150,3140,0,0,796,0,21,17,1396,0,0,0,0,142,2372,0,0,807,0,11,26,1434,0,0,0,0,158,2436,0,0,611,0,19,44,1426,0,0,0,0,180,2280,0,0,16125,0,381,478,25042,0,0,7,4,2797,44834,0.63
S592999,元富證券自營,0,0,0,0,38,27,718,0,0,0,0,323,1106,0,0,180,0,49,20,1306,0,3,0,0,477,2035,0,0,0,0,35,21,322,0,1,0,0,469,848,0,0,0,0,30,26,1471,0,0,0,0,436,1963,0,0,0,0,97,2,734,0,0,0,0,250,1083,0,0,0,0,8,0,1015,0,0,0,0,94,1117,0,0,0,0,77,41,1751,0,0,0,0,294,2163,0,0,0,0,108,36,910,0,0,0,0,313,1367,0,0,0,0,109,61,2890,0,0,0,0,64,3124,0,0,0,0,43,42,742,0,0,0,0,408,1235,0,0,0,0,105,84,1275,0,0,0,0,314,1778,0,0,0,0,50,32,1870,0,0,0,0,315,2267,0,0,188,0,1486,748,28072,0,7,0,0,8976,39477,0.550000000000000064
S147000,台灣摩根士丹利證券,0,0,0,0,110,24,7247,0,0,0,0,124,7505,0,0,0,0,55,0,1060,0,0,0,0,0,1115,0,0,0,0,0,0,1108,0,0,0,0,0,1108,0,0,0,0,48,0,1180,0,0,0,0,12,1240,0,0,0,0,0,0,1769,0,0,0,0,0,1769,0,0,0,0,19,0,1064,0,0,0,0,0,1083,0,0,0,0,0,0,991,0,0,0,0,0,991,0,0,0,0,0,0,1499,0,0,0,0,0,1499,0,0,0,0,0,0,2465,0,0,0,0,0,2465,0,0,0,0,0,0,1783,0,0,0,0,0,1783,0,0,0,0,29,0,1392,0,0,0,0,0,1421,0,0,0,0,0,0,592,0,0,0,0,0,592,0,0,0,0,406,161,36795,0,0,0,0,467,37829,0.53
F008999,統一期貨自營,0,0,508,0,118,220,749,0,2,0,0,64,1661,0,0,1746,0,163,68,1961,0,6,0,0,4,3948,0,0,290,0,46,16,204,0,0,0,0,36,592,0,0,570,0,8,16,472,0,0,0,0,35,1101,0,0,309,0,2,36,580,0,2,0,0,7,936,0,0,398,0,13,16,437,0,0,0,0,0,864,0,0,562,0,6,8,804,0,0,0,0,9,1389,0,0,282,0,6,0,474,0,0,0,0,1,763,0,0,787,0,46,70,766,0,12,0,0,2,1683,0,0,476,0,54,92,822,0,22,0,0,0,1466,0,0,592,0,18,258,1058,0,8,0,0,0,1934,0,0,366,0,2,2,563,0,0,0,0,15,948,0,0,16037,0,1396,1937,17496,0,202,0,0,409,37477,0.52
S157999,港商法國興業證券自營,0,0,0,0,0,0,1394,0,0,0,40,375,1809,0,0,0,0,0,0,1635,0,840,0,64,620,3159,0,0,0,0,0,3,449,0,0,0,92,550,1094,0,0,0,0,0,1,640,0,22,0,52,271,986,0,0,0,0,0,2,807,0,0,0,136,235,1180,0,0,0,0,0,1,699,0,0,0,44,248,992,0,0,0,0,0,11,1487,0,10,0,44,170,1722,0,0,0,0,0,5,822,0,0,0,50,82,959,0,0,0,0,0,14,1588,0,42,0,72,2,1718,0,0,0,0,0,7,1207,0,0,0,10,0,1224,0,0,0,0,0,6,1259,0,10,0,10,3,1288,0,0,0,0,0,5,1051,0,0,0,0,1,1057,0,0,0,0,2,88,24750,0,1026,0,1228,6851,33945,0.48
S572999,大華證券自營,0,0,1,0,0,0,126,0,20,0,0,1171,1318,0,0,6,0,7,13,822,0,131,0,0,1887,2866,0,0,0,0,0,6,103,0,15,0,0,941,1065,0,0,3,0,13,2,279,0,1,0,1,1005,1304,0,0,5,0,14,10,364,0,0,0,1,796,1190,0,0,2,0,4,3,232,0,0,0,0,770,1011,0,0,0,0,0,0,353,0,10,0,0,773,1136,0,0,2,0,3,5,247,0,0,0,0,883,1140,0,0,1,0,9,15,495,0,0,0,1,1939,2460,0,0,4,0,10,9,326,0,0,0,0,1351,1700,0,0,7,0,13,10,260,0,1,0,0,1062,1353,0,0,4,0,6,11,97,0,0,0,0,683,801,0,0,41,0,122,119,7124,0,501,0,3,25356,33266,0.47
S153000,港商德意志證券台北,0,0,0,0,0,20,952,0,0,0,0,487,1459,0,0,269,0,16,11,827,0,0,0,0,1656,2779,0,0,323,0,0,14,18,0,0,0,0,141,496,0,0,263,0,0,11,34,0,0,0,0,293,601,0,0,236,0,42,0,273,0,0,0,0,266,817,0,0,196,0,0,4,277,0,0,0,0,191,668,0,0,282,0,48,41,1485,0,0,0,0,605,2461,0,0,214,0,59,34,1080,0,0,0,0,727,2114,0,0,189,0,2,2,278,0,0,0,0,295,766,0,0,170,0,21,20,699,0,0,0,0,60,970,0,0,420,0,50,23,905,0,0,0,0,235,1633,0,0,271,0,42,0,1256,0,0,0,0,190,1759,0,0,6346,0,410,569,15011,0,0,0,0,6525,28861,0.4
F013999,大華期貨自營,0,0,124,0,342,18,2280,0,39,0,0,0,2803,0,0,768,0,155,59,827,0,77,0,0,0,1886,0,0,52,0,63,19,380,0,45,0,0,0,559,0,0,325,0,204,47,485,0,107,0,0,0,1168,0,0,168,0,107,41,315,0,62,0,0,0,693,0,0,519,0,37,47,456,0,27,0,0,0,1086,0,0,113,0,45,15,362,0,21,0,0,0,556,0,0,290,0,128,58,415,0,74,0,0,0,965,0,0,578,0,219,143,1442,0,106,0,0,0,2488,0,0,412,0,234,76,748,0,144,0,0,0,1614,0,0,352,0,69,308,455,0,34,0,0,0,1218,0,0,293,0,117,65,531,0,53,0,0,0,1059,0,0,7217,0,2784,1421,16092,0,1197,0,0,0,28711,0.4
S888999,國泰證券自營,0,0,31,0,633,166,622,0,11,0,0,1890,3353,0,0,42,0,297,72,670,0,18,0,0,1261,2360,0,0,26,0,119,30,109,0,8,0,0,153,445,0,0,53,0,186,60,174,0,20,0,0,122,615,0,0,45,0,88,19,102,0,8,0,0,1150,1412,0,0,44,0,318,92,479,0,16,0,0,135,1084,0,0,10,0,82,25,159,0,0,0,0,1296,1572,0,0,16,0,71,23,102,0,2,0,0,2608,2822,0,0,82,0,305,66,302,0,15,0,0,538,1308,0,0,92,0,88,26,153,0,49,0,0,548,956,0,0,46,0,197,106,296,0,18,0,0,465,1128,0,0,13,0,100,43,144,0,1,0,0,231,532,0,0,922,0,3889,1348,5907,0,307,0,0,14953,27326,0.38
F038999,大眾期貨自營,0,0,0,0,16,8,915,0,0,0,0,0,939,0,0,0,0,27,0,1214,0,0,0,0,0,1241,0,0,0,0,24,0,615,0,0,0,0,0,639,0,0,0,0,41,9,810,0,0,0,0,0,860,0,0,0,0,26,3,1305,0,0,0,0,0,1334,0,0,0,0,14,20,958,0,0,0,0,0,992,0,0,0,0,20,10,1507,0,0,0,0,0,1537,0,0,0,0,18,0,957,0,0,0,0,0,975,0,0,0,0,33,47,1750,0,0,0,0,0,1830,0,0,0,0,10,0,1299,0,0,0,0,0,1309,0,0,0,0,21,23,1459,0,0,0,0,0,1503,0,0,0,0,20,24,1212,0,0,0,0,0,1256,0,0,0,0,378,459,24567,0,0,0,0,0,25404,0.36
S144000,美林證券,0,0,0,0,15,0,420,0,0,0,0,0,435,0,0,100,0,10,0,647,0,0,0,0,0,757,0,0,0,0,0,0,108,0,0,0,0,0,108,0,0,0,0,20,0,199,0,0,0,0,0,219,0,0,0,0,0,0,305,0,0,0,0,0,305,0,0,0,0,0,0,1211,0,0,0,0,0,1211,0,0,0,0,0,0,647,0,0,0,0,0,647,0,0,0,0,20,0,371,0,0,0,0,0,391,0,0,0,0,5,0,850,0,0,0,0,0,855,0,0,0,0,110,0,334,0,0,0,0,0,444,0,0,0,0,43,0,559,0,0,0,0,0,602,0,0,0,0,40,0,268,0,0,0,0,0,308,0,0,100,0,318,0,22549,0,0,0,0,0,22967,0.32
S920999,凱基證券自營,0,0,28,0,2,3,112,0,0,0,13,306,464,0,0,13,0,1,2,591,0,0,0,5,356,968,0,0,20,0,0,0,254,0,0,0,0,284,558,0,0,19,0,2,1,1150,0,0,0,3,879,2054,0,0,14,0,0,3,324,0,0,0,0,203,544,0,0,39,0,0,2,333,0,0,0,0,1280,1654,0,0,36,0,13,19,512,0,0,0,3,248,831,0,0,42,0,0,0,686,0,0,0,0,1583,2311,0,0,29,0,18,20,1236,0,0,0,4,359,1666,0,0,24,0,0,6,913,0,0,0,3,282,1228,0,0,70,0,2,13,1060,0,0,0,0,245,1390,0,0,28,0,0,20,1329,0,0,0,0,335,1712,0,0,636,0,168,265,12945,0,0,0,40,8907,22961,0.32
S551999,永豐金證券自營,0,0,86,0,0,0,333,0,0,0,0,11,430,0,0,148,0,38,35,616,0,0,0,0,20,857,0,0,281,0,20,18,222,0,0,0,0,1,542,0,0,253,0,54,31,213,0,0,0,0,0,551,0,0,76,0,46,29,181,0,5,0,0,0,337,0,0,2,0,40,20,105,0,0,0,0,0,167,0,0,26,0,28,14,181,0,0,0,0,7,256,0,0,206,0,36,18,155,0,0,0,0,10,425,0,0,299,0,215,126,704,0,0,0,0,16,1360,0,0,744,0,24,6,385,0,0,0,0,2,1161,0,0,631,0,52,58,435,0,5,0,0,23,1204,0,0,316,0,76,38,327,0,0,0,0,7,764,0,0,3489,0,1259,782,13146,0,20,0,0,135,18831,0.26
S526000,大慶證券,0,0,315,0,8,14,257,0,0,0,0,12,606,0,0,498,0,26,62,483,0,0,0,0,113,1182,0,0,264,0,11,25,391,0,0,0,0,16,707,0,0,371,0,31,23,432,0,0,0,0,18,875,0,0,315,0,15,28,388,0,1,0,0,14,761,0,0,232,0,16,18,398,0,0,0,0,16,680,0,0,418,0,16,38,725,0,0,0,0,2,1199,0,0,288,0,6,19,442,0,0,0,0,1,756,0,0,590,0,23,45,720,0,1,0,0,5,1384,0,0,255,0,17,16,450,0,0,0,0,38,776,0,0,376,0,20,33,812,0,0,0,0,21,1262,0,0,461,0,21,17,530,0,0,0,0,25,1054,0,0,7391,0,369,564,10001,0,2,0,0,383,18710,0.26
S653000,大眾證券,0,0,273,0,3,16,238,0,0,0,0,29,559,0,0,436,0,22,17,297,0,1,0,0,25,798,0,0,276,0,15,25,279,0,0,0,0,10,605,0,0,390,0,29,20,266,0,0,0,0,20,725,0,0,416,0,16,12,269,0,0,0,0,36,749,0,0,391,0,4,3,344,0,0,0,0,30,772,0,0,589,0,42,20,523,0,0,0,0,21,1195,0,0,300,0,25,9,516,0,0,0,0,42,892,0,0,377,0,58,40,672,0,0,0,0,64,1211,0,0,482,0,25,21,418,0,0,0,0,44,990,0,0,489,0,48,4,608,0,0,0,0,45,1194,0,0,403,0,13,10,418,0,0,0,0,45,889,0,0,9043,0,480,432,7952,0,1,0,0,738,18646,0.26
F002999,永豐期貨自營,0,0,0,0,26,11,310,0,0,0,0,98,445,0,0,4,0,159,52,287,0,0,0,0,135,637,0,0,0,0,0,0,552,0,0,0,0,38,590,0,0,0,0,0,0,653,0,0,0,0,3,656,0,0,0,0,0,0,827,0,0,0,0,4,831,0,0,0,0,14,9,671,0,0,0,0,12,706,0,0,0,0,14,5,440,0,0,0,0,28,487,0,0,0,0,9,2,298,0,0,0,0,48,357,0,0,0,0,1,16,660,0,0,0,0,87,764,0,0,0,0,0,0,273,0,0,0,0,51,324,0,0,0,0,5,17,689,0,0,0,0,121,832,0,0,0,0,17,28,823,0,0,0,0,83,951,0,0,5,0,991,1220,14738,0,0,0,0,1438,18392,0.26
S856000,新光證券,0,0,217,0,11,32,351,0,7,0,0,31,649,0,0,337,0,87,57,537,0,2,0,2,27,1049,0,0,328,0,18,13,241,0,0,0,0,48,648,0,0,277,0,53,13,467,0,0,0,1,22,833,0,0,371,0,37,26,521,0,0,0,0,40,995,0,0,258,0,16,12,450,0,0,0,0,30,766,0,0,421,0,22,11,583,0,0,0,0,76,1113,0,0,314,0,16,6,350,0,0,0,0,54,740,0,0,457,0,61,33,713,0,2,0,0,83,1349,0,0,256,0,24,35,421,0,0,0,0,16,752,0,0,374,0,28,21,411,0,0,0,0,37,871,0,0,379,0,20,19,402,0,0,0,0,48,868,0,0,6842,0,660,613,9256,0,21,0,5,842,18239,0.26
S616999,中國信託證券自營,0,0,0,0,0,0,290,0,0,0,0,121,411,0,0,0,0,0,0,491,0,0,0,0,489,980,0,0,0,0,0,0,340,0,0,0,0,229,569,0,0,0,0,0,0,630,0,0,0,0,277,907,0,0,0,0,0,0,582,0,0,0,0,125,707,0,0,0,0,0,0,658,0,0,0,0,105,763,0,0,0,0,0,0,348,0,0,0,0,176,524,0,0,0,0,0,0,117,0,0,0,0,122,239,0,0,0,0,0,0,319,0,0,0,0,172,491,0,0,0,0,0,0,169,0,0,0,0,95,264,0,0,0,0,0,0,298,0,0,0,0,220,518,0,0,0,0,0,0,107,0,0,0,0,225,332,0,0,0,0,0,0,11124,0,0,0,0,5287,16411,0.23
S109999,台灣工銀證券自營,0,0,29,0,0,0,241,0,0,0,0,0,270,0,0,49,0,0,82,1047,0,0,0,0,0,1178,0,0,12,0,0,1,753,0,0,0,0,0,766,0,0,224,0,0,6,404,0,0,0,0,0,634,0,0,64,0,0,8,754,0,0,0,0,0,826,0,0,58,0,0,25,139,0,0,0,0,0,222,0,0,51,0,0,14,922,0,0,0,0,3,990,0,0,50,0,0,1,712,0,0,0,0,0,763,0,0,74,0,0,2,291,0,0,0,0,3,370,0,0,45,0,0,1,601,0,0,0,0,0,647,0,0,64,0,0,15,225,0,0,0,0,0,304,0,0,1433,0,0,11,710,0,0,0,0,1,2155,0,0,2281,0,0,439,11788,0,0,6,0,16,14530,0.2
S700999,兆豐證券自營,0,0,43,0,14,10,479,0,0,0,0,0,546,0,0,732,0,22,12,299,0,0,0,0,0,1065,0,0,51,0,4,0,222,0,0,0,0,0,277,0,0,61,0,9,1,564,0,0,0,0,0,635,0,0,34,0,2,15,391,0,0,0,0,0,442,0,0,38,0,4,11,470,0,0,0,0,0,523,0,0,108,0,18,23,688,0,0,0,0,0,837,0,0,124,0,22,12,438,0,0,0,0,0,596,0,0,111,0,2,11,601,0,0,0,0,0,725,0,0,142,0,5,7,254,0,0,0,0,0,408,0,0,346,0,4,10,608,0,0,0,0,0,968,0,0,141,0,1,0,310,0,0,0,0,0,452,0,0,2874,0,201,268,10589,0,0,0,0,0,13932,0.2
S616000,中國信託證券,0,0,62,0,4,2,268,0,0,0,0,46,382,0,0,114,0,1,37,357,0,0,0,0,53,562,0,0,68,0,1,12,248,0,0,0,0,41,370,0,0,132,0,6,9,252,0,0,0,0,16,415,0,0,97,0,7,0,627,0,0,0,0,39,770,0,0,83,0,4,1,290,0,0,0,0,9,387,0,0,160,0,4,17,812,0,0,0,0,13,1006,0,0,93,0,3,3,231,0,0,0,0,49,379,0,0,201,0,2,2,562,0,0,0,0,72,839,0,0,127,0,2,2,475,0,0,0,0,28,634,0,0,142,0,0,15,404,0,0,0,0,8,569,0,0,141,0,1,2,584,0,0,0,0,57,785,0,0,2416,0,43,211,8127,0,0,0,0,698,11495,0.16
S116999,日盛證券自營,0,0,0,0,4,0,211,0,0,0,0,378,593,0,0,0,0,14,0,268,0,0,0,0,445,727,0,0,36,0,13,0,146,0,0,0,0,105,300,0,0,4,0,30,0,97,0,0,0,0,196,327,0,0,0,0,32,30,155,0,0,0,0,440,657,0,0,13,0,0,10,149,0,0,0,0,390,562,0,0,0,0,102,0,196,0,0,0,0,297,595,0,0,2,0,14,0,113,0,0,0,0,187,316,0,0,4,0,82,0,399,0,0,0,0,663,1148,0,0,0,0,30,0,231,0,0,0,0,131,392,0,0,0,0,70,5,328,0,0,0,0,268,671,0,0,0,0,30,81,141,0,0,0,0,265,517,0,0,59,0,781,493,4701,0,0,0,0,4751,10785,0.15
F020999,群益期貨自營,0,0,106,0,0,0,254,0,0,0,0,0,360,0,0,172,0,0,0,314,0,0,0,0,0,486,0,0,95,0,0,0,163,0,0,0,0,0,258,0,0,120,0,4,0,243,0,0,0,0,0,367,0,0,76,0,0,0,212,0,0,0,0,0,288,0,0,70,0,0,0,201,0,0,0,0,0,271,0,0,198,0,0,0,240,0,0,0,0,0,438,0,0,48,0,0,0,187,0,0,0,0,0,235,0,0,307,0,0,0,511,0,0,0,0,0,818,0,0,168,0,16,0,335,0,0,0,0,0,519,0,0,260,0,0,0,547,0,0,0,0,0,807,0,0,245,0,0,0,431,0,0,0,0,0,676,0,0,3695,0,48,24,6926,0,0,0,0,0,10693,0.15
S653999,大眾證券自營,0,0,0,0,13,74,275,0,0,0,0,0,362,0,0,119,0,113,93,385,0,3,0,0,0,713,0,0,8,0,33,17,115,0,9,0,0,0,182,0,0,60,0,74,25,237,0,0,0,0,4,400,0,0,12,0,46,17,147,0,0,0,0,13,235,0,0,32,0,20,0,199,0,0,0,0,4,255,0,0,56,0,40,18,479,0,0,0,0,0,593,0,0,0,0,30,13,108,0,0,0,0,0,151,0,0,116,0,94,10,599,0,9,0,0,0,828,0,0,0,0,78,32,175,0,0,0,0,0,285,0,0,104,0,54,26,512,0,0,0,0,0,696,0,0,40,0,69,22,614,0,0,0,0,0,745,0,0,934,0,1382,641,7045,0,33,0,0,21,10056,0.140000000000000016
S845999,康和證券自營,0,0,0,0,8,0,224,0,0,0,0,0,232,0,0,0,0,20,0,337,0,0,0,0,0,357,0,0,0,0,0,0,52,0,0,0,0,0,52,0,0,0,0,8,20,140,0,0,0,0,0,168,0,0,0,0,8,0,83,0,0,0,0,0,91,0,0,0,0,60,4,141,0,0,0,0,0,205,0,0,0,0,5,0,121,0,0,0,0,0,126,0,0,0,0,20,0,215,0,0,0,0,0,235,0,0,0,0,10,0,558,0,0,0,0,0,568,0,0,0,0,0,0,354,0,0,0,0,0,354,0,0,0,0,0,0,260,0,0,0,0,0,260,0,0,0,0,0,0,532,0,0,0,0,0,532,0,0,0,0,214,104,6182,0,0,0,0,0,6500,0.09
S218000,亞東證券,0,0,56,0,5,6,51,0,0,0,3,48,169,0,0,155,0,18,10,116,0,0,0,1,59,359,0,0,85,0,12,2,99,0,0,0,0,16,214,0,0,94,0,7,2,147,0,0,0,0,30,280,0,0,123,0,6,2,106,0,0,0,0,4,241,0,0,112,0,4,0,130,0,0,0,0,7,253,0,0,124,0,12,4,123,0,1,0,0,66,330,0,0,112,0,1,2,101,0,0,0,0,0,216,0,0,169,0,18,4,164,0,0,0,0,15,370,0,0,116,0,22,6,148,0,0,0,0,29,321,0,0,137,0,19,2,155,0,1,0,0,8,322,0,0,161,0,16,3,134,0,0,0,0,2,316,0,0,2451,0,254,70,2548,0,2,0,4,480,5809,0.08
S109000,台灣工銀證券,0,0,63,0,1,1,150,0,0,0,0,27,242,0,0,108,0,3,0,237,0,0,0,0,29,377,0,0,88,0,0,2,145,0,0,0,0,76,311,0,0,103,0,0,0,106,0,0,0,0,39,248,0,0,135,0,0,0,151,0,0,0,0,71,357,0,0,113,0,0,0,131,0,0,0,0,2,246,0,0,85,0,6,3,149,0,0,0,0,27,270,0,0,63,0,4,0,108,0,0,0,0,25,200,0,0,136,0,0,0,139,0,0,0,0,59,334,0,0,103,0,0,0,71,0,0,0,0,7,181,0,0,86,0,1,0,127,0,0,0,0,7,221,0,0,74,0,10,2,72,0,0,0,0,11,169,0,0,2219,0,34,88,2738,0,0,0,0,608,5687,0.08
F018999,元富期貨自營,0,0,5,0,0,0,120,0,0,0,0,0,125,0,0,23,0,0,2,199,0,0,0,0,0,224,0,0,54,0,0,0,41,0,0,0,0,0,95,0,0,108,0,0,0,112,0,0,0,0,0,220,0,0,94,0,0,2,71,0,0,0,0,0,167,0,0,41,0,0,4,226,0,0,0,0,0,271,0,0,73,0,0,0,297,0,0,0,0,0,370,0,0,52,0,0,0,136,0,0,0,0,0,188,0,0,102,0,0,2,262,0,0,0,0,0,366,0,0,75,0,0,0,191,0,0,0,0,0,266,0,0,233,0,0,0,295,0,0,0,0,0,528,0,0,118,0,0,4,231,0,0,0,0,0,353,0,0,1233,0,0,56,4285,0,0,0,0,0,5574,0.08
S126999,宏遠證券自營,0,0,0,0,0,0,51,0,0,0,0,0,51,0,0,0,0,0,0,263,0,0,0,0,0,263,0,0,0,0,0,0,34,0,0,0,0,0,34,0,0,0,0,0,0,398,0,0,0,0,0,398,0,0,0,0,0,0,375,0,0,0,0,0,375,0,0,0,0,0,0,212,0,0,0,0,0,212,0,0,0,0,0,0,262,0,0,0,0,0,262,0,0,0,0,0,0,59,0,0,0,0,0,59,0,0,0,0,0,0,608,0,0,0,0,0,608,0,0,0,0,0,0,99,0,0,0,0,0,99,0,0,0,0,0,0,495,0,0,0,0,0,495,0,0,0,0,0,0,103,0,0,0,0,0,103,0,0,0,0,0,0,5562,0,0,0,0,0,5562,0.08
S538999,第一金證券自營,0,0,141,0,0,9,48,0,0,0,0,0,198,0,0,159,0,0,36,118,0,0,0,0,0,313,0,0,42,0,0,11,49,0,0,0,0,0,102,0,0,177,0,0,8,69,0,0,0,0,0,254,0,0,157,0,0,12,52,0,0,0,0,0,221,0,0,96,0,0,7,17,0,0,0,0,0,120,0,0,230,0,0,12,107,0,0,0,0,0,349,0,0,84,0,0,1,36,0,0,0,0,0,121,0,0,223,0,0,9,70,0,0,0,0,0,302,0,0,89,0,0,5,79,0,0,0,0,0,173,0,0,162,0,0,0,57,0,0,0,0,0,219,0,0,156,0,0,0,95,0,0,0,0,0,251,0,0,3029,0,0,286,1519,0,0,0,0,0,4834,0.0700000000000000128
F005999,國票期貨自營,0,0,0,0,158,0,115,0,0,0,0,0,273,0,0,0,0,64,0,55,0,0,0,0,0,119,0,0,0,0,136,0,100,0,0,0,0,0,236,0,0,0,0,286,0,224,0,0,0,0,0,510,0,0,0,0,187,12,142,0,0,0,0,0,341,0,0,0,0,60,2,41,0,0,0,0,0,103,0,0,0,0,80,0,66,0,0,0,0,0,146,0,0,0,0,59,0,44,0,0,0,0,0,103,0,0,0,0,142,0,111,0,0,0,0,0,253,0,0,0,0,55,0,49,0,0,0,0,0,104,0,0,0,0,67,0,61,0,0,0,0,30,158,0,0,0,0,46,0,56,0,0,0,0,30,132,0,0,14,0,2303,252,1995,0,0,0,0,60,4624,0.06
S645000,永全證券,0,0,39,0,3,2,38,0,0,0,0,26,108,0,0,78,0,3,2,119,0,0,0,0,15,217,0,0,38,0,1,2,60,0,0,0,0,28,129,0,0,65,0,4,8,80,0,0,0,0,34,191,0,0,35,0,3,6,132,0,0,0,0,25,201,0,0,48,0,0,3,128,0,0,0,0,14,193,0,0,61,0,8,5,108,0,0,0,0,13,195,0,0,56,0,3,6,111,0,0,0,0,3,179,0,0,66,0,5,6,67,0,0,0,0,14,158,0,0,60,0,4,6,85,0,0,0,0,32,187,0,0,95,0,4,5,93,0,0,0,0,56,253,0,0,92,0,5,5,61,0,0,0,0,25,188,0,0,1322,0,70,69,1920,0,0,0,0,530,3911,0.05
S165000,新加坡商瑞銀證券,0,0,0,0,276,0,302,0,0,0,0,0,578,0,0,0,0,90,0,120,0,0,0,0,0,210,0,0,0,0,0,0,147,0,0,0,0,0,147,0,0,0,0,0,0,299,0,0,0,0,0,299,0,0,0,0,0,0,80,0,0,0,0,0,80,0,0,0,0,0,0,90,0,0,0,0,0,90,0,0,0,0,0,0,90,0,0,0,0,0,90,0,0,0,0,27,0,40,0,0,0,0,0,67,0,0,0,0,0,0,307,0,0,0,0,0,307,0,0,0,0,0,0,0,0,0,0,0,0,0,0,0,0,0,0,0,200,0,0,0,0,0,200,0,0,0,0,0,0,140,0,0,0,0,0,140,0,0,0,0,445,0,3268,0,0,0,0,0,3713,0.05
S218999,亞東證券自營,0,0,0,0,0,0,425,0,0,0,0,0,425,0,0,0,0,0,0,195,0,0,0,0,0,195,0,0,0,0,0,0,145,0,0,0,0,0,145,0,0,0,0,0,0,70,0,0,0,0,0,70,0,0,0,0,0,0,216,0,0,0,0,0,216,0,0,0,0,0,0,226,0,0,0,0,0,226,0,0,0,0,0,0,125,0,0,0,0,0,125,0,0,0,0,0,0,79,0,0,0,0,0,79,0,0,0,0,0,0,254,0,0,0,0,0,254,0,0,0,0,0,0,35,0,0,0,0,0,35,0,0,0,0,0,0,195,0,0,0,0,0,195,0,0,0,0,0,0,37,0,0,0,0,0,37,0,0,0,0,0,0,3587,0,0,0,0,0,3587,0.05
S509999,華南永昌證券自營,0,0,0,0,0,0,132,0,0,0,0,0,132,0,0,0,0,0,0,342,0,0,0,0,0,342,0,0,0,0,0,0,84,0,0,0,0,0,84,0,0,0,0,0,0,27,0,0,0,0,0,27,0,0,2,0,0,0,104,0,0,0,0,0,106,0,0,0,0,0,0,113,0,0,0,0,0,113,0,0,1,0,0,0,331,0,0,0,0,0,332,0,0,0,0,0,0,132,0,0,0,0,0,132,0,0,5,0,0,2,264,0,0,0,0,0,271,0,0,0,0,0,0,172,0,0,0,0,0,172,0,0,1,0,0,0,258,0,0,0,0,0,259,0,0,0,0,0,0,243,0,0,0,0,0,243,0,0,13,0,0,2,3191,0,0,0,0,0,3206,0.04
F029999,康和期貨自營,0,0,0,0,0,24,14,0,0,0,0,0,38,0,0,32,0,0,8,46,0,0,0,0,0,86,0,0,0,0,0,0,88,0,0,0,0,0,88,0,0,32,0,0,0,26,0,0,0,0,0,58,0,0,64,0,0,16,58,0,0,0,0,0,138,0,0,32,0,0,26,54,0,0,0,0,0,112,0,0,34,0,0,8,114,0,0,0,0,0,156,0,0,0,0,0,16,86,0,0,0,0,0,102,0,0,0,0,0,90,58,0,0,0,0,0,148,0,0,32,0,0,10,66,0,0,0,0,0,108,0,0,0,0,0,10,54,0,0,0,0,0,64,0,0,20,0,0,18,38,0,0,0,0,0,76,0,0,564,0,0,536,1167,0,0,0,0,0,2267,0.03
S159000,花旗環球國際證券,0,0,0,0,0,0,68,0,0,0,0,0,68,0,0,0,0,0,0,149,0,0,0,0,0,149,0,0,0,0,0,0,39,0,0,0,0,0,39,0,0,0,0,0,0,17,0,0,0,0,0,17,0,0,0,0,0,0,123,0,0,0,0,0,123,0,0,0,0,0,0,138,0,0,0,0,0,138,0,0,0,0,0,0,182,0,0,0,0,0,182,0,0,0,0,0,0,45,0,0,0,0,0,45,0,0,0,0,0,0,214,0,0,0,0,0,214,0,0,0,0,0,0,78,0,0,0,0,0,78,0,0,0,0,0,0,87,0,0,0,0,0,87,0,0,0,0,0,0,132,0,0,0,0,0,132,0,0,0,0,0,0,2057,0,0,0,0,0,2057,0.03
S838000,安泰證券,0,0,32,0,4,1,38,0,0,0,0,0,75,0,0,39,0,5,17,40,0,0,0,0,0,101,0,0,26,0,5,1,66,0,0,0,0,0,98,0,0,22,0,3,7,34,0,0,0,0,0,66,0,0,22,0,8,1,22,0,0,0,0,0,53,0,0,35,0,3,3,28,0,0,0,0,0,69,0,0,44,0,11,15,57,0,0,0,0,0,127,0,0,39,0,8,1,28,0,0,0,0,0,76,0,0,38,0,4,7,59,0,0,0,0,0,108,0,0,28,0,7,0,66,0,0,0,0,0,101,0,0,28,0,10,4,70,0,0,0,0,0,112,0,0,50,0,3,4,46,0,0,0,0,0,103,0,0,793,0,100,122,942,0,0,0,0,0,1957,0.03
S703000,致和證券,0,0,34,0,3,0,37,0,1,0,0,12,87,0,0,70,0,2,0,42,0,1,0,0,4,119,0,0,28,0,4,0,37,0,0,0,0,7,76,0,0,43,0,2,0,34,0,0,0,0,0,79,0,0,53,0,0,1,20,0,0,0,0,0,74,0,0,17,0,0,0,25,0,0,0,0,0,42,0,0,38,0,4,0,23,0,1,0,0,0,66,0,0,39,0,1,0,23,0,0,0,0,0,63,0,0,46,0,0,2,63,0,1,0,0,10,122,0,0,34,0,0,1,15,0,0,0,0,0,50,0,0,44,0,3,1,54,0,1,0,0,0,103,0,0,37,0,4,0,53,0,0,0,0,0,94,0,0,931,0,27,12,822,0,7,0,0,60,1859,0.03
F007999,日盛期貨自營,0,0,0,0,0,0,48,0,0,0,0,0,48,0,0,0,0,0,0,32,0,0,0,0,0,32,0,0,0,0,0,0,12,0,0,0,0,0,12,0,0,18,0,0,0,17,0,0,0,0,0,35,0,0,1,0,0,0,41,0,0,0,0,0,42,0,0,0,0,0,0,5,0,0,0,0,0,5,0,0,21,0,0,0,52,0,0,0,0,0,73,0,0,0,0,0,0,22,0,0,0,0,0,22,0,0,0,0,0,0,26,0,0,0,0,0,26,0,0,0,0,0,0,62,0,0,0,0,0,62,0,0,0,0,0,0,153,0,0,0,0,0,153,0,0,0,0,0,0,92,0,0,0,0,0,92,0,0,40,0,0,0,910,0,0,0,0,0,950,0.01
S505000,大展證券,0,0,3,0,0,0,12,0,0,0,0,1,16,0,0,18,0,0,0,42,0,0,0,0,2,62,0,0,7,0,0,0,26,0,0,0,0,0,33,0,0,2,0,0,0,42,0,0,0,0,0,44,0,0,10,0,0,0,8,0,0,0,0,0,18,0,0,10,0,0,0,24,0,0,0,1,0,35,0,0,12,0,0,0,48,0,0,0,0,13,73,0,0,4,0,0,0,76,0,0,0,0,2,82,0,0,16,0,0,0,151,0,0,0,0,0,167,0,0,11,0,0,0,4,0,0,0,0,0,15,0,0,2,0,0,0,35,0,0,0,0,0,37,0,0,9,0,0,0,11,0,0,0,0,0,20,0,0,191,0,5,3,678,0,0,0,10,50,937,0.01
S960999,富邦證券自營,0,0,0,0,0,17,136,0,0,0,0,0,153,0,0,0,0,1,10,3,0,0,0,0,0,14,0,0,0,0,0,0,14,0,0,0,0,0,14,0,0,0,0,1,0,17,0,0,0,0,0,18,0,0,0,0,0,0,41,0,0,0,0,0,41,0,0,0,0,0,0,68,0,0,0,0,0,68,0,0,0,0,1,0,46,0,0,0,0,0,47,0,0,0,0,0,2,34,0,0,0,0,0,36,0,0,0,0,0,2,43,0,0,0,0,0,45,0,0,0,0,1,0,65,0,0,0,0,0,66,0,0,0,0,0,0,38,0,0,0,0,0,38,0,0,0,0,0,0,21,0,0,0,0,0,21,0,0,0,0,38,33,813,0,0,0,0,0,884,0.01
S779999,國票證券自營,0,0,0,0,0,0,20,0,0,0,0,0,20,0,0,0,0,0,0,0,0,0,0,0,0,0,0,0,0,0,0,0,20,0,0,0,0,0,20,0,0,0,0,0,0,20,0,0,0,0,0,20,0,0,0,0,0,0,20,0,0,0,0,0,20,0,0,0,0,0,0,60,0,0,0,0,0,60,0,0,0,0,0,0,60,0,0,0,0,0,60,0,0,0,0,0,0,10,0,0,0,0,0,10,0,0,0,0,0,0,80,0,0,0,0,0,80,0,0,0,0,0,0,0,0,0,0,0,0,0,0,0,0,0,0,0,90,0,0,0,0,0,90,0,0,0,0,0,0,0,0,0,0,0,0,0,0,0,0,0,0,0,640,0,0,0,0,0,640,0.01
S505999,大展證券自營,0,0,0,0,0,0,10,0,0,0,0,0,10,0,0,0,0,0,0,10,0,0,0,0,0,10,0,0,0,0,0,0,0,0,0,0,0,0,0,0,0,0,0,0,0,10,0,0,0,0,0,10,0,0,0,0,0,0,0,0,0,0,0,0,0,0,0,0,0,0,0,30,0,0,0,0,0,30,0,0,0,0,0,0,20,0,0,0,0,0,20,0,0,0,0,0,0,15,0,0,0,0,0,15,0,0,0,0,0,0,35,0,0,0,0,0,35,0,0,0,0,0,0,8,0,0,0,0,0,8,0,0,0,0,0,0,0,0,0,0,0,0,0,0,0,0,0,0,0,0,0,0,0,0,0,0,0,0,0,0,0,0,440,0,0,0,0,0,440,0.01
S601000,奔亞證券,0,0,22,0,0,3,1,0,0,0,0,0,26,0,0,8,0,0,1,2,0,0,0,0,0,11,0,0,6,0,0,1,3,0,0,0,0,0,10,0,0,29,0,0,0,2,0,0,0,0,0,31,0,0,34,0,0,0,0,0,0,0,0,0,34,0,0,38,0,0,0,0,0,0,0,0,0,38,0,0,32,0,0,0,2,0,0,0,0,0,34,0,0,25,0,0,0,0,0,0,0,0,0,25,0,0,7,0,0,0,0,0,0,0,0,0,7,0,0,19,0,0,0,16,0,0,0,0,0,35,0,0,30,0,0,0,4,0,0,0,0,0,34,0,0,32,0,0,0,0,0,0,0,0,0,32,0,0,367,0,0,12,40,0,0,0,0,0,419,0.01
